sleep_hours,caffeine_mg,screen_time_hours,workload_level,physical_activity_minutes,study_hours,break_frequency,mood_score,overthinking_risk_score
7.89,277.8,1.23,3.6,11.6,10.31,11.1,8.8,44.31
6.75,144.9,3.85,2.8,26.1,6.3,12.3,8.4,12.14
8.17,118.2,4.97,2.3,16.7,7.88,10.0,7.4,26.54
9.74,199.7,10.72,6.3,28.6,6.25,0.2,6.1,60.61
6.58,183.0,7.39,5.1,38.6,4.33,7.4,6.0,44.66
6.58,154.7,2.66,6.3,70.1,0.4,3.4,7.4,30.96
9.84,269.6,7.22,6.9,35.4,6.51,7.2,5.3,59.72
8.38,295.5,2.13,6.0,0.0,4.06,11.9,2.6,59.66
6.15,208.8,8.71,6.8,79.2,4.0,9.2,6.9,41.06
7.98,347.8,4.82,5.4,19.9,4.75,12.6,4.0,53.5
6.17,85.8,5.77,3.1,43.2,10.36,9.4,4.3,36.6
6.16,180.6,9.31,7.6,58.4,12.01,2.8,6.0,68.72
7.44,128.3,2.78,4.3,51.0,6.54,0.0,5.8,36.51
3.56,13.3,2.51,3.6,77.8,4.84,8.6,3.5,40.82
3.9,191.7,4.54,5.1,59.4,3.06,7.1,6.3,43.91
5.99,187.8,8.6,3.7,19.2,7.17,4.1,7.7,44.49
5.18,351.3,2.2,4.7,110.4,10.46,1.2,4.0,63.4
7.57,263.1,0.0,6.2,50.8,5.38,5.1,8.3,31.58
5.37,97.6,4.87,6.2,40.6,0.05,7.2,3.2,49.32
4.46,385.4,7.38,3.7,73.9,7.68,10.7,9.8,45.51
9.64,322.1,9.0,4.5,52.5,8.46,8.8,5.3,48.92
6.59,258.2,4.84,7.6,57.0,2.04,14.4,6.3,45.55
7.12,177.4,4.97,6.5,119.8,6.44,3.9,2.6,53.82
4.44,104.1,8.88,9.7,36.7,7.13,11.5,5.9,68.48
6.02,162.8,1.33,7.9,35.5,5.82,8.2,6.4,51.22
7.2,308.9,5.03,7.8,48.5,4.02,10.8,5.8,55.33
4.93,388.5,6.48,2.7,77.1,8.54,6.3,5.0,48.95
7.68,354.3,7.12,7.0,0.0,4.99,12.3,4.3,85.55
5.92,151.1,4.73,5.4,0.0,2.29,9.2,8.0,31.74
6.47,88.0,6.09,4.4,27.4,0.88,5.3,6.1,41.17
5.92,214.1,0.0,5.8,0.0,9.15,8.0,8.8,49.25
10.33,23.2,4.35,7.4,32.3,7.54,7.0,5.1,35.01
6.98,232.3,7.13,6.5,60.1,6.22,10.0,5.2,49.08
5.1,185.2,3.54,3.7,18.3,4.9,3.3,7.5,42.21
8.48,153.4,6.15,7.0,2.2,4.68,7.9,3.1,68.85
4.8,40.5,7.12,4.2,47.1,3.31,9.6,3.8,35.87
7.38,251.4,5.14,5.9,70.9,4.92,8.1,8.0,34.53
3.47,146.7,6.43,4.9,0.0,0.7,13.4,3.9,40.62
4.61,83.0,3.59,5.1,69.6,4.16,11.1,2.7,53.13
7.35,0.0,5.48,7.0,69.5,5.22,8.0,9.4,16.26
8.33,197.2,7.53,3.4,73.6,7.52,8.9,3.5,45.33
7.31,377.2,6.39,9.4,81.6,5.9,9.2,6.3,58.85
6.79,366.1,4.53,1.9,111.1,7.99,9.6,6.1,32.69
6.46,154.3,6.56,4.3,34.3,9.37,0.7,1.0,75.17
4.34,139.8,7.79,6.2,48.3,8.65,6.8,5.5,67.33
5.7,246.9,0.88,6.7,32.5,7.18,2.1,6.8,54.73
6.17,100.2,8.9,5.3,45.1,6.03,13.1,6.6,42.55
8.9,230.2,5.16,5.4,91.0,3.55,7.8,7.6,30.53
7.62,276.6,7.06,6.3,4.6,7.85,7.2,5.3,70.89
3.83,322.7,8.99,5.0,19.2,10.2,11.6,7.3,63.59
7.58,190.0,2.57,8.3,86.3,6.86,9.7,4.8,51.17
6.31,179.6,4.23,7.2,75.6,10.79,3.5,3.5,66.35
5.78,112.2,5.28,7.2,34.1,2.19,7.7,3.7,57.81
8.1,117.3,4.04,3.6,70.6,3.11,6.7,3.4,28.36
8.86,177.4,10.34,5.3,55.2,8.14,1.0,7.8,47.17
8.68,236.7,3.86,4.9,90.0,6.66,5.2,3.3,46.99
5.49,291.4,4.61,3.5,47.2,9.28,7.3,6.5,38.51
6.44,119.7,6.51,6.2,75.8,5.96,7.5,5.5,51.31
7.6,349.3,2.99,4.4,124.3,3.83,2.1,5.8,38.5
8.76,172.9,5.01,6.8,62.9,5.47,12.6,8.5,31.38
6.14,197.9,6.79,3.4,46.5,2.17,7.6,5.2,35.13
6.67,125.3,5.17,8.9,66.7,3.18,8.2,7.1,31.01
5.01,0.0,5.77,3.7,34.0,8.43,9.6,6.1,31.15
4.85,288.4,4.68,5.9,116.6,8.18,4.8,5.7,51.78
8.46,273.7,2.21,7.1,50.4,6.91,9.8,10.0,38.5
9.44,171.9,6.8,4.4,36.8,1.7,6.5,3.4,44.56
6.87,206.7,10.39,7.2,19.9,5.1,4.4,8.3,58.53
8.81,251.6,6.05,3.0,77.9,2.94,10.3,7.2,22.29
7.65,43.7,6.56,8.4,71.0,8.94,14.0,5.1,44.99
5.84,147.1,7.73,5.5,30.1,4.54,10.9,8.9,46.6
7.65,279.4,2.83,4.3,62.3,3.29,11.7,2.7,48.17
9.77,74.6,10.26,4.9,0.0,6.07,5.9,5.1,58.27
6.94,229.4,6.51,7.1,50.5,4.4,1.6,3.8,63.8
9.82,64.3,10.08,4.3,58.6,9.71,14.0,6.7,21.85
2.28,246.6,4.17,4.0,96.2,4.16,16.2,4.0,43.2
8.48,196.4,10.55,5.1,21.9,2.5,14.2,6.8,44.17
7.16,38.5,7.94,3.1,6.6,0.62,6.7,5.7,33.96
6.46,316.5,7.38,9.1,18.1,5.92,3.4,5.1,78.97
7.17,126.5,6.59,4.4,4.9,4.6,3.7,6.7,56.36
3.42,119.0,5.38,7.2,85.1,2.43,1.3,5.5,56.73
6.6,220.1,9.0,5.9,91.5,8.97,7.6,4.0,63.04
7.64,314.9,6.35,3.5,54.6,7.67,14.4,10.0,30.29
9.66,98.4,1.08,5.5,81.6,5.93,7.4,5.1,22.23
6.07,206.2,3.21,7.1,49.0,9.41,9.2,2.0,62.08
5.54,242.9,5.54,5.1,42.1,7.66,13.5,4.5,46.02
6.1,269.3,6.77,7.9,35.0,3.94,6.4,3.7,76.41
8.65,217.6,5.86,7.5,35.7,3.4,16.1,7.5,43.35
7.59,163.3,9.05,7.3,0.0,8.04,16.0,6.6,59.07
6.05,117.2,1.12,4.6,52.9,6.99,7.5,6.7,38.57
7.92,208.6,6.36,3.3,43.8,6.42,5.7,5.3,28.88
7.17,92.8,1.46,4.3,67.4,3.88,10.8,5.5,26.52
8.74,0.0,7.9,5.9,47.8,7.52,6.6,5.3,31.82
5.74,243.7,5.76,6.6,40.1,4.11,3.4,5.9,55.73
6.41,290.4,7.05,1.2,18.9,5.75,13.1,7.5,33.34
6.29,0.0,3.84,5.5,47.2,9.62,12.9,6.6,34.62
4.37,99.0,9.2,5.8,67.1,4.35,8.6,6.9,43.55
7.53,261.9,8.6,4.9,10.7,2.07,2.9,6.9,62.12
7.47,405.7,7.46,8.1,47.6,3.37,3.1,7.6,58.82
7.01,202.1,5.68,6.3,52.0,8.49,8.4,6.5,50.74
6.58,127.2,7.45,8.1,23.5,6.64,6.0,6.6,55.57
4.45,181.7,4.23,5.1,27.4,5.68,6.6,8.1,32.98
6.24,337.5,8.14,7.4,51.9,4.73,12.1,4.8,55.48
6.38,135.4,10.12,8.8,11.0,7.21,10.9,4.5,65.57
5.56,120.1,8.68,8.1,55.5,3.88,13.5,3.9,60.21
6.71,151.7,4.18,3.3,18.1,6.76,4.0,6.3,43.96
7.73,104.7,6.9,5.0,76.9,4.17,6.6,2.7,35.92
10.4,212.3,2.77,4.8,115.1,3.76,11.0,6.8,17.38
7.31,362.5,7.43,6.5,19.2,4.41,9.8,5.8,74.43
7.46,232.3,7.13,6.9,61.0,5.06,14.1,8.0,38.42
6.87,174.8,1.33,3.8,23.2,5.88,9.7,4.8,35.94
3.55,170.8,3.1,5.6,76.2,6.59,15.4,5.6,44.43
6.95,43.7,5.29,1.5,7.0,0.0,10.2,8.0,20.03
7.11,288.3,5.25,8.4,59.4,3.98,12.2,8.5,39.53
11.43,192.2,2.98,4.5,18.8,5.02,6.7,4.8,44.16
6.65,182.0,6.97,5.6,38.8,9.76,8.1,6.3,47.1
7.54,519.3,6.63,4.9,14.1,3.3,11.6,6.5,67.01
6.94,229.9,5.51,7.8,69.7,6.41,14.5,6.7,43.72
4.9,124.8,4.11,1.0,19.9,9.74,10.9,5.5,37.79
9.06,157.4,8.62,5.5,61.6,2.72,7.7,8.3,25.64
8.35,314.8,10.14,5.3,34.7,6.98,13.5,2.6,59.08
8.42,211.3,4.79,4.6,41.6,3.99,0.0,5.2,54.51
5.36,56.2,4.47,9.0,49.4,4.74,2.3,6.8,47.52
9.53,291.9,7.23,3.7,22.1,3.99,10.7,6.8,42.73
4.48,133.2,5.1,7.0,51.3,4.17,8.1,8.4,37.83
8.06,387.3,5.65,6.2,90.9,12.8,10.4,8.2,53.51
10.94,308.0,7.85,8.0,21.7,8.11,8.3,5.5,59.73
5.22,155.3,1.23,4.2,80.2,8.75,10.3,8.3,23.38
5.98,328.1,9.3,4.0,89.9,7.23,4.7,4.7,61.65
7.18,206.8,6.18,7.7,20.5,1.98,10.3,7.7,52.43
6.09,285.3,4.97,6.4,1.3,6.99,12.0,9.3,47.82
4.21,248.5,5.78,2.4,54.1,8.68,12.9,8.2,49.29
7.12,115.4,5.91,4.4,28.6,3.87,16.1,6.2,32.74
5.09,135.6,1.67,6.3,101.1,8.41,9.0,5.4,30.16
7.85,303.0,9.74,7.2,46.0,7.76,9.1,3.2,71.48
5.35,166.5,6.1,4.1,20.9,10.63,1.9,6.6,51.87
9.79,159.6,7.11,1.0,10.6,4.96,5.9,4.0,41.59
5.59,104.5,8.38,6.5,77.7,3.26,7.2,4.6,45.19
6.42,242.4,3.45,3.1,27.9,5.1,12.2,3.9,43.31
8.46,406.3,7.18,1.5,46.3,9.59,5.6,5.2,45.97
4.78,93.2,5.33,1.0,73.7,1.43,11.2,5.9,22.66
7.41,202.4,8.12,7.1,30.5,0.83,8.0,6.5,39.14
9.35,341.2,0.68,5.8,43.6,6.22,7.3,4.9,41.11
4.11,192.0,5.75,5.0,44.5,4.89,9.0,7.9,44.96
7.33,245.2,4.49,8.3,65.5,6.02,6.4,5.6,62.47
7.47,93.8,7.08,6.8,62.7,8.36,6.3,4.6,46.06
8.41,242.8,7.18,8.7,38.4,4.62,1.2,6.4,65.4
4.77,181.3,4.23,2.7,46.9,1.32,7.0,9.5,29.94
4.62,298.6,4.22,5.4,33.8,11.11,6.1,6.6,65.77
7.94,318.7,5.72,2.3,0.7,3.51,5.9,5.3,48.07
7.53,459.0,3.76,5.0,52.7,3.35,9.7,3.3,52.53
7.45,258.0,8.1,5.0,101.8,8.76,10.6,5.6,28.34
7.62,232.6,5.08,6.8,18.5,5.04,8.9,6.4,47.97
5.78,219.4,0.0,5.6,21.8,5.84,12.0,5.3,51.69
7.42,164.7,5.06,6.7,18.9,7.21,10.3,3.0,49.96
7.53,233.8,3.4,6.9,66.7,8.71,6.8,4.5,56.04
5.71,170.5,1.92,9.8,58.5,5.17,6.1,8.6,36.85
10.36,216.8,2.91,4.9,40.2,9.8,9.3,8.6,32.78
7.85,331.8,6.27,3.6,17.5,0.66,10.3,4.4,52.42
4.86,99.3,9.32,6.0,47.8,7.9,13.6,7.2,39.08
8.18,314.0,6.78,3.9,0.0,3.9,12.8,3.9,57.41
5.25,331.7,4.48,8.5,49.3,9.43,5.8,8.5,57.69
8.42,188.2,7.14,4.9,71.1,6.36,7.6,6.4,41.88
9.09,0.0,4.85,4.4,7.5,4.32,10.7,7.7,27.69
5.52,139.2,4.26,4.6,0.0,7.66,12.3,2.9,56.43
8.73,329.7,3.11,6.9,92.4,8.23,11.8,7.2,49.56
7.74,197.7,1.62,5.2,26.6,7.6,7.7,6.0,45.92
8.48,100.1,5.03,4.2,79.1,3.43,3.0,7.5,19.36
10.41,149.5,6.4,8.8,40.4,4.79,4.0,7.6,45.72
6.56,284.1,5.76,3.8,40.1,5.99,9.1,6.1,44.24
5.64,254.7,4.96,5.6,58.2,5.9,9.4,4.9,50.24
5.4,176.1,3.64,6.8,18.5,7.87,3.6,7.4,69.78
5.53,163.3,7.52,2.2,49.0,0.96,8.2,5.9,33.54
6.86,160.8,2.71,6.5,33.6,6.84,10.5,4.4,33.11
7.61,107.8,7.94,3.4,5.4,5.28,3.4,4.3,46.63
7.5,361.5,3.49,7.1,55.1,3.9,12.4,3.3,44.33
8.49,167.8,4.12,3.6,37.1,4.14,6.5,5.1,33.5
7.02,321.7,2.33,6.9,40.3,5.46,13.0,8.0,29.41
9.62,352.1,4.75,7.7,8.7,0.0,5.9,6.3,49.52
6.52,299.8,8.44,7.2,92.7,4.25,3.9,5.0,47.89
11.9,156.8,7.29,6.0,71.3,3.81,6.2,7.4,34.37
8.13,240.4,8.45,5.0,73.9,7.33,7.6,4.5,49.47
5.46,197.6,7.31,4.3,35.8,3.99,6.4,6.2,48.01
5.07,109.6,3.24,8.4,0.0,5.46,7.1,5.7,57.92
7.87,232.4,5.17,4.1,103.6,9.86,9.3,7.4,20.74
6.6,82.1,4.05,3.4,43.2,8.49,7.3,3.2,45.15
8.29,318.8,9.33,6.8,22.5,8.26,7.7,4.5,81.78
7.85,153.5,3.01,3.9,57.5,4.75,1.2,3.1,47.32
6.87,220.1,8.23,3.6,80.0,7.36,9.6,5.5,37.08
5.48,228.3,8.23,2.6,44.3,5.42,7.6,8.2,27.94
4.27,174.1,10.57,4.5,83.4,5.51,14.4,5.1,39.75
6.2,258.7,4.98,5.3,77.5,7.02,4.2,5.1,53.01
8.54,152.5,7.78,6.0,12.7,4.51,0.8,7.6,57.68
7.39,287.1,11.7,7.4,24.8,9.73,10.5,7.9,64.39
4.76,65.4,4.46,6.6,73.7,5.6,9.4,5.8,42.78
7.31,212.6,2.16,5.1,0.0,7.55,4.0,7.2,54.46
7.69,393.9,1.3,5.1,40.5,9.64,1.9,4.1,67.46
5.41,100.0,7.78,6.5,2.1,8.58,14.1,8.5,43.26
7.28,132.2,1.29,8.0,30.7,2.48,13.7,9.9,26.69
7.1,251.4,5.07,5.8,36.0,7.11,0.0,6.9,49.92
4.94,218.0,7.09,4.6,34.3,8.13,6.2,2.2,66.41
7.64,235.1,6.46,3.5,28.4,8.23,14.7,5.0,45.81
8.01,248.9,7.06,2.6,12.1,3.22,6.1,7.1,51.14
8.95,263.5,6.56,6.8,113.8,4.36,6.0,5.2,34.64
8.9,311.0,9.2,6.7,101.0,8.49,6.9,8.3,47.92
4.52,241.0,3.62,6.7,10.1,4.1,3.5,7.1,68.33
5.31,175.9,4.31,5.2,92.5,5.25,1.2,4.7,51.47
7.93,267.3,4.07,8.3,33.0,9.94,12.2,6.1,60.7
7.92,390.0,8.08,4.5,48.9,5.88,0.6,4.4,70.39
7.93,186.7,8.25,7.4,43.1,4.18,9.0,5.7,58.2
12.0,102.5,7.13,5.4,25.2,3.81,11.5,5.0,30.69
8.03,310.7,8.96,4.3,74.5,6.83,2.2,8.1,36.53
9.04,188.0,3.05,6.7,48.8,2.67,4.3,9.8,28.99
8.72,0.0,10.17,6.3,30.7,5.38,12.9,3.4,32.82
8.17,284.7,9.81,6.2,5.9,6.83,10.1,2.5,80.7
6.43,146.5,7.84,5.7,18.2,9.25,5.5,5.6,64.33
8.37,190.9,10.45,5.4,0.0,7.67,12.8,3.3,61.19
5.61,233.2,1.86,10.0,45.4,4.21,12.8,6.1,48.75
6.57,219.0,4.69,7.9,9.1,8.95,9.1,7.3,55.95
6.13,270.9,4.16,6.9,37.0,5.25,4.4,8.7,48.66
7.15,156.5,7.8,5.7,86.1,2.91,6.3,6.4,36.63
11.17,251.3,3.37,7.5,81.0,5.57,9.1,5.7,43.71
3.64,174.0,7.89,6.5,44.0,9.6,7.2,2.4,72.47
8.24,273.9,9.43,5.6,42.4,6.41,11.8,6.0,56.4
4.1,261.5,7.74,4.9,101.4,6.03,1.9,6.1,56.78
6.15,106.5,6.71,5.3,60.6,10.09,2.0,7.2,40.53
8.96,308.6,3.53,1.0,35.2,2.42,8.7,4.7,40.38
7.12,146.4,3.88,5.9,2.2,2.79,6.0,5.2,39.52
5.06,280.8,9.12,4.5,56.8,1.96,5.5,3.3,59.16
5.71,236.7,7.95,8.7,69.9,6.93,0.9,1.9,85.61
8.22,383.8,5.9,5.5,26.1,6.42,8.1,4.0,59.04
5.69,177.7,4.96,3.1,53.7,9.86,7.8,3.2,50.67
7.39,165.1,0.94,5.4,34.1,6.61,10.6,6.6,37.44
7.08,198.1,3.32,3.4,39.5,4.99,8.3,5.1,31.22
5.83,169.7,10.78,6.4,0.0,6.0,7.5,5.0,66.63
10.86,280.0,2.8,6.1,38.3,6.29,12.7,4.2,44.94
8.14,38.4,6.47,7.4,74.1,1.82,2.8,1.0,51.47
3.35,94.6,8.52,3.9,26.1,12.78,10.1,8.7,63.05
7.34,93.2,2.86,5.6,46.6,7.3,1.3,4.2,41.79
5.81,295.0,6.46,2.8,22.3,6.53,4.6,5.3,61.1
8.53,371.1,8.34,6.9,55.8,7.54,3.1,3.4,70.07
5.57,189.6,6.03,6.5,38.5,7.77,11.1,7.7,38.25
6.79,183.1,13.17,6.5,16.8,5.65,7.7,6.3,61.68
7.91,207.0,1.83,5.5,85.0,4.42,7.9,4.5,39.91
8.56,316.2,8.65,6.3,72.9,7.5,3.6,5.3,64.86
4.84,107.3,5.57,8.7,26.9,6.96,6.8,9.0,59.27
6.4,223.8,7.93,4.9,59.9,3.98,4.9,5.9,65.84
6.15,297.5,7.1,5.8,61.1,9.55,9.5,5.7,57.07
5.82,250.1,4.17,3.3,64.3,6.73,4.0,4.3,43.06
10.18,219.0,6.57,3.8,0.0,7.82,13.3,2.6,58.54
7.73,300.1,1.36,5.7,75.2,9.48,1.3,5.7,48.4
4.73,0.0,7.51,7.7,27.9,6.05,4.8,6.6,57.14
8.65,267.8,6.75,5.0,34.3,6.79,14.7,8.0,29.8
10.82,134.6,7.6,5.0,124.1,8.03,6.3,2.0,60.91
8.86,16.9,8.65,4.7,54.1,4.19,2.7,4.0,47.47
4.27,251.1,6.92,4.4,33.4,6.14,8.9,5.0,46.28
6.13,337.4,6.37,6.1,0.0,6.31,6.1,6.0,63.99
9.28,186.3,3.8,2.5,86.7,3.61,4.7,5.7,29.24
5.73,295.3,4.22,8.1,4.6,11.79,3.6,5.8,83.21
7.8,361.2,8.97,4.2,14.9,2.48,19.1,6.7,37.57
8.39,331.5,9.59,6.9,35.1,2.75,7.0,4.4,68.33
5.33,364.0,5.4,3.0,87.5,9.29,0.3,7.7,37.21
6.89,274.2,6.12,6.8,68.2,7.78,14.0,6.8,44.53
1.17,207.5,3.74,6.8,40.3,3.44,10.4,5.4,78.25
5.16,39.8,8.93,6.3,54.2,7.52,4.9,8.9,36.31
6.55,175.4,7.66,3.5,27.0,9.67,4.3,8.8,32.17
4.75,115.7,10.85,6.0,49.2,5.92,10.7,7.7,46.28
9.94,417.1,3.8,3.1,47.2,12.5,7.0,1.0,64.85
4.43,182.4,5.05,5.0,74.1,1.69,0.3,8.8,41.35
6.21,212.3,6.58,7.6,74.0,7.73,15.1,7.4,35.84
7.24,255.1,7.62,7.1,59.8,8.92,6.3,9.6,40.83
9.59,204.4,5.46,5.5,34.1,8.23,14.0,8.2,21.43
4.42,369.5,3.82,3.6,67.3,5.49,13.1,8.8,38.96
9.09,137.7,8.2,6.8,42.2,5.27,4.0,7.6,42.72
7.02,219.5,7.8,5.5,12.5,7.11,12.1,8.4,37.99
5.23,125.8,3.71,1.0,32.9,8.04,5.4,9.6,23.59
7.83,68.0,9.39,7.1,47.5,7.51,0.5,6.4,59.34
7.36,138.8,8.93,5.5,72.3,8.6,6.3,3.2,52.02
5.92,196.3,6.34,7.9,39.5,3.45,9.6,5.4,54.13
7.13,157.1,6.2,3.3,8.7,5.43,6.1,6.7,42.92
6.31,130.8,7.39,1.0,46.7,3.65,6.8,6.1,18.89
7.2,59.4,3.85,6.1,48.4,5.03,12.6,3.8,50.95
8.19,191.7,6.08,6.1,50.6,8.54,8.4,3.1,51.73
9.85,49.5,0.62,2.1,72.6,6.27,4.6,4.7,23.84
4.77,276.0,8.19,3.5,75.6,12.52,10.8,7.5,51.87
10.84,208.2,2.1,10.0,27.2,6.48,8.8,8.8,42.79
3.49,54.2,9.76,4.9,26.5,6.15,0.0,7.6,60.62
6.73,169.1,5.17,7.0,13.8,6.27,9.7,7.9,47.28
8.06,124.8,5.47,4.2,66.0,4.41,9.6,5.9,19.43
7.51,231.9,4.43,1.3,88.5,5.86,8.1,2.9,32.3
5.88,334.0,5.28,5.2,35.5,8.82,11.6,5.2,53.5
6.63,12.5,9.55,5.0,37.8,6.28,5.3,5.5,40.52
6.11,211.5,0.0,4.7,89.0,4.02,9.3,5.1,22.03
5.94,184.0,9.19,5.3,60.2,3.69,1.7,6.1,57.37
8.53,267.1,6.85,6.0,58.1,4.87,9.6,6.8,52.99
7.64,221.3,2.98,5.2,9.3,6.18,15.8,7.5,43.73
5.75,124.8,3.31,3.0,65.4,8.98,4.0,5.5,44.18
8.62,168.1,10.19,6.5,17.1,2.65,5.0,2.6,61.35
7.55,120.4,3.64,1.6,11.0,5.2,5.2,5.1,29.72
8.46,307.6,3.12,1.4,34.6,6.36,8.5,6.1,28.62
8.13,202.1,8.84,7.0,27.4,1.42,3.7,8.2,50.8
5.51,390.1,6.85,6.5,38.4,3.92,9.7,5.0,66.52
5.99,193.9,3.66,5.4,1.8,4.3,11.4,6.9,44.12
8.35,129.2,6.54,2.7,73.8,4.01,10.1,6.5,29.98
8.1,48.6,3.44,4.1,78.8,6.48,0.9,6.1,31.95
6.96,19.7,8.75,5.0,0.0,5.6,12.0,7.7,33.69
7.21,41.6,8.65,2.3,74.4,4.61,11.7,4.8,20.35
9.3,226.7,7.33,4.0,20.7,7.07,11.3,5.0,51.02
5.94,250.9,6.9,6.8,70.7,10.31,9.5,6.0,60.78
7.98,41.9,10.4,8.4,42.9,10.1,8.9,4.8,59.67
6.64,289.5,6.0,4.7,45.9,1.19,12.1,6.9,49.59
6.61,151.7,3.05,7.0,39.4,7.44,15.7,4.7,54.45
8.98,214.7,7.12,1.7,81.4,5.55,4.2,6.4,31.45
8.49,361.2,11.22,6.8,7.8,6.39,12.3,5.8,62.9
8.46,289.7,3.46,3.9,63.2,5.0,7.7,6.4,26.53
9.35,173.1,5.1,6.1,78.0,6.29,7.5,5.2,36.67
7.04,110.9,7.04,5.0,66.5,6.38,1.9,5.4,48.81
8.23,0.0,5.87,8.1,114.7,4.55,6.9,6.2,41.39
6.44,128.1,3.54,3.8,29.1,3.76,4.0,6.4,38.08
7.58,178.9,8.8,6.8,73.7,4.88,6.1,6.0,53.68
6.77,101.3,11.8,4.9,41.8,6.59,3.6,9.1,40.38
7.17,186.9,6.49,5.2,82.0,7.5,6.2,4.2,50.54
8.07,207.7,3.74,5.1,44.8,8.13,6.4,5.9,48.48
5.53,177.5,2.13,3.8,33.4,4.76,8.4,3.2,32.17
10.77,135.0,6.64,5.5,84.2,6.71,1.5,6.7,34.12
5.19,216.9,8.76,5.4,30.3,8.41,2.2,4.0,75.07
4.81,244.2,7.19,6.0,2.6,8.91,9.4,5.5,68.7
9.08,91.0,5.99,5.7,29.5,5.85,4.8,5.3,35.7
8.42,341.1,4.53,7.1,63.6,5.45,12.3,6.5,30.03
8.12,190.1,3.27,7.3,86.8,6.48,8.9,5.0,38.63
8.13,201.9,8.09,3.4,48.3,3.13,10.4,4.9,37.08
6.98,270.8,8.28,7.2,84.5,5.52,13.6,8.6,33.37
5.38,223.3,2.14,3.1,4.3,7.86,6.8,6.5,47.32
7.14,295.3,9.97,6.7,31.7,7.6,5.7,5.0,71.06
5.78,228.7,7.44,6.7,36.3,5.32,11.5,5.5,58.21
8.76,138.8,9.5,1.7,41.6,6.54,10.0,9.0,7.63
6.74,236.2,2.64,5.7,47.5,3.94,7.3,5.6,34.02
5.51,85.6,2.59,4.6,65.7,7.76,13.6,4.8,30.18
6.42,210.9,5.63,4.0,31.7,5.81,7.2,4.8,51.23
7.74,196.7,7.26,8.2,49.2,5.31,8.1,5.0,57.43
5.99,179.2,10.49,4.2,43.6,5.1,8.1,4.9,53.13
5.52,187.1,7.77,3.9,17.2,5.84,4.3,3.7,56.46
7.44,11.8,5.39,5.7,41.6,4.88,8.3,4.0,36.93
7.44,145.1,3.43,6.9,40.7,7.65,13.6,4.5,39.38
6.09,209.3,9.08,5.2,40.0,5.01,9.8,7.1,50.71
6.15,216.0,3.59,7.8,46.0,9.98,8.1,5.3,50.08
7.42,97.2,10.07,6.6,47.3,9.66,7.4,5.6,57.16
4.39,326.6,5.29,1.1,32.0,3.77,9.3,8.3,38.33
4.47,113.4,9.98,4.4,83.2,6.17,11.0,8.3,32.89
5.71,296.9,7.7,4.4,9.9,4.37,10.4,5.5,52.44
6.62,242.7,5.66,6.5,23.4,5.18,6.7,4.9,48.44
7.56,135.4,4.7,1.0,128.4,11.01,9.3,4.4,17.03
9.66,377.5,5.15,10.0,13.9,5.23,9.9,7.2,61.42
8.54,80.6,7.07,6.6,4.4,6.9,4.0,5.6,38.14
6.71,291.9,6.19,5.8,67.0,7.35,8.7,5.3,50.29
6.97,300.1,4.52,7.9,0.0,3.5,0.0,4.5,81.39
5.2,132.9,5.59,10.0,37.9,3.86,9.9,4.6,61.79
6.97,339.2,6.2,7.2,109.4,2.98,10.6,6.6,39.45
6.48,175.0,0.68,7.4,0.0,3.79,11.0,3.6,54.92
7.58,228.9,7.15,5.8,0.0,0.0,6.4,7.8,42.69
5.51,226.0,3.55,5.2,0.0,7.36,9.2,5.0,58.72
7.93,186.6,3.12,4.5,72.0,11.14,13.7,5.7,43.54
9.76,281.1,1.78,3.8,78.7,6.37,13.7,3.6,41.38
6.8,279.3,1.52,4.1,29.6,2.46,7.9,6.0,42.22
7.72,25.1,2.61,2.8,65.5,4.39,8.6,5.4,15.06
8.24,330.4,4.23,5.3,86.7,4.85,12.4,5.9,42.86
6.28,33.8,10.88,2.1,98.6,3.46,2.0,8.6,8.95
7.4,303.3,4.69,5.9,37.6,8.15,6.7,6.3,51.34
7.02,312.7,6.44,5.4,0.0,8.03,13.3,4.6,67.64
7.18,90.9,7.0,5.8,20.4,3.11,11.9,4.7,47.31
5.61,158.9,6.33,4.5,32.2,7.81,9.5,7.1,46.28
7.04,89.4,5.81,10.0,37.2,9.82,2.0,8.3,56.23
7.9,178.5,3.01,8.2,39.4,10.76,7.8,6.5,48.55
9.61,169.2,9.63,3.0,78.6,13.16,5.6,7.2,40.52
8.73,278.0,10.52,6.0,83.2,3.75,9.3,7.1,36.11
10.88,331.0,1.79,4.3,39.8,13.06,4.8,8.6,36.19
5.62,339.6,3.44,3.5,78.0,5.11,3.9,2.5,56.91
8.57,143.8,5.3,2.8,55.7,4.52,0.0,7.2,33.26
7.33,179.1,3.59,6.4,46.9,6.82,12.9,7.8,22.11
10.94,31.7,7.26,4.1,72.2,4.54,6.4,3.6,36.64
5.55,119.4,4.18,7.4,47.2,7.0,8.6,4.4,55.87
5.49,296.5,11.41,7.5,106.7,2.7,8.0,4.5,59.62
5.92,361.6,8.98,8.2,1.8,5.4,3.7,4.7,100.0
3.18,76.6,6.53,3.8,29.5,9.21,3.0,5.1,52.27
6.05,140.8,8.57,6.5,41.2,5.86,4.0,6.4,49.22
5.63,197.4,8.76,6.8,58.2,6.35,5.1,7.6,48.08
7.27,228.0,4.59,4.6,83.0,7.19,9.5,7.9,29.22
7.62,119.0,3.96,4.0,44.3,8.93,4.8,4.5,39.59
10.38,242.4,6.2,8.7,2.3,1.86,15.0,4.5,46.95
8.71,152.6,8.15,6.0,70.3,7.46,12.1,8.4,28.11
5.96,198.6,6.35,6.8,67.6,5.33,11.2,7.2,40.04
5.38,254.6,2.06,3.9,0.0,6.42,7.5,6.1,59.34
7.89,200.6,3.99,3.1,44.9,8.65,14.1,6.9,43.57
4.62,156.4,5.82,4.4,0.0,3.01,7.1,5.9,59.77
10.3,189.0,5.81,5.3,25.1,3.47,7.9,6.9,32.43
9.12,191.2,10.93,3.4,17.9,1.16,8.7,5.4,37.85
6.16,163.0,2.54,5.5,69.3,4.63,10.8,6.5,29.67
3.92,174.1,7.26,2.1,48.5,9.33,10.5,3.3,63.49
9.44,359.9,9.72,3.3,6.4,5.7,6.1,4.8,60.56
6.79,256.1,11.68,6.8,71.4,2.65,5.9,4.8,49.55
9.23,170.5,4.99,6.7,2.0,4.79,10.6,5.3,46.38
4.13,269.7,7.23,4.7,54.9,2.28,10.9,4.3,58.43
5.92,166.6,7.42,3.5,20.6,3.19,6.4,5.0,50.14
7.01,317.3,6.49,3.4,34.0,6.97,1.7,3.3,62.0
7.08,237.0,5.75,4.8,60.1,3.07,7.2,7.0,40.87
6.19,189.3,7.09,6.8,60.6,8.78,10.5,5.9,34.61
8.12,244.8,0.0,7.4,85.1,5.82,15.2,2.9,43.67
5.08,42.9,7.71,4.5,42.5,6.21,3.2,4.5,53.98
6.74,87.3,6.32,3.2,54.2,5.3,6.3,6.6,23.96
7.22,80.6,5.44,6.0,31.9,7.93,6.4,5.0,40.94
7.93,214.3,11.12,3.9,50.5,7.96,13.4,4.7,35.21
8.28,373.3,4.31,4.5,58.2,6.84,7.9,5.9,57.93
4.98,423.1,4.99,8.2,42.1,7.41,4.4,6.6,68.7
4.24,263.8,10.98,7.2,0.0,5.47,10.2,3.4,84.02
9.3,250.1,3.92,5.8,54.9,7.36,6.4,7.0,44.88
7.6,19.9,4.62,3.0,55.9,5.16,3.1,4.6,40.65
5.65,145.7,5.63,5.9,24.6,6.01,4.4,6.0,50.11
9.79,121.2,8.1,7.6,6.5,5.31,14.9,5.9,44.59
7.21,137.9,6.52,4.7,89.3,4.86,9.5,5.1,34.6
9.12,183.2,2.77,8.2,59.7,4.28,8.4,4.2,54.27
7.12,152.8,4.67,8.1,38.1,7.17,7.0,5.5,50.58
10.71,2.1,4.48,8.8,10.9,9.28,9.2,8.9,33.39
10.16,274.8,5.81,6.1,20.3,8.93,9.1,3.5,50.3
6.55,92.7,7.06,6.7,84.1,2.86,9.2,9.0,16.95
8.75,223.9,7.05,8.3,49.1,9.22,8.5,5.5,62.3
8.16,407.4,1.56,6.4,28.5,5.2,11.5,6.1,49.98
9.46,108.1,8.66,4.5,60.3,7.5,8.1,4.0,38.64
5.26,0.0,6.63,4.6,20.6,3.73,4.1,4.6,40.04
8.23,171.4,9.46,6.0,90.0,6.35,5.6,5.1,46.69
8.91,310.1,7.11,2.9,85.6,6.78,0.1,4.1,50.13
3.83,395.8,8.75,5.2,31.0,2.29,16.1,5.6,61.8
4.87,77.0,7.17,7.7,26.1,7.52,11.5,5.3,63.08
3.33,249.7,9.37,1.1,0.0,9.36,4.7,9.3,66.39
6.52,153.5,7.31,8.6,0.6,5.56,6.9,3.9,58.22
8.29,189.4,5.76,7.7,4.8,9.4,5.5,6.2,62.86
9.7,464.4,11.68,4.6,49.1,5.53,14.2,6.4,51.19
7.13,49.7,8.22,6.6,35.2,8.12,2.3,4.1,55.15
9.93,225.4,7.43,5.5,4.6,0.45,8.5,7.2,44.24
4.52,246.8,2.81,8.0,36.6,12.05,7.6,5.3,64.37
3.93,308.6,2.78,7.5,60.2,9.74,11.3,1.5,77.41
6.9,209.8,6.73,2.7,60.8,5.29,7.6,7.2,35.83
7.69,230.8,6.36,6.7,0.0,1.07,1.0,4.0,67.58
6.94,160.8,4.46,5.1,41.2,6.72,7.0,4.1,42.65
3.28,226.9,6.35,5.7,3.5,2.39,4.1,7.2,58.48
6.84,165.7,9.97,4.0,72.1,7.11,8.3,5.4,33.31
4.65,262.2,7.74,9.0,68.5,7.03,13.7,7.7,49.41
8.21,163.0,3.15,7.6,18.1,3.65,1.0,8.2,58.67
7.66,237.7,5.72,4.0,22.0,8.8,4.8,4.8,48.41
5.31,197.1,3.99,2.8,31.2,8.01,5.8,7.4,31.24
6.08,312.6,5.03,4.7,0.0,8.44,6.5,4.6,68.93
5.09,194.9,4.97,6.4,55.1,6.02,11.0,10.0,33.79
6.89,22.7,4.81,6.0,36.8,2.46,7.3,4.8,35.49
8.72,326.2,2.86,8.0,74.1,8.44,9.7,7.8,53.47
5.23,109.4,5.68,7.1,12.0,5.32,5.5,7.5,53.71
7.91,134.6,4.6,7.4,26.4,2.53,8.9,6.6,36.8
6.05,140.4,0.0,6.2,0.0,9.38,11.1,4.8,48.39
5.57,337.4,11.13,2.7,14.9,11.25,5.1,5.7,65.21
6.81,0.0,8.72,5.1,9.5,5.9,11.1,2.1,59.11
5.14,513.8,5.06,7.6,74.9,11.4,8.2,6.4,72.25
6.0,305.6,6.05,5.4,24.1,6.23,12.2,6.6,40.24
4.84,222.3,3.07,6.5,48.7,5.05,7.2,6.2,47.94
10.54,194.5,10.24,4.9,33.6,4.42,9.5,1.0,51.47
7.06,228.6,10.74,3.4,6.9,10.09,7.8,3.7,78.73
5.74,252.1,6.39,5.3,40.0,4.05,7.6,4.7,46.91
7.39,264.5,8.56,6.1,63.0,7.84,9.0,6.5,48.88
6.8,255.6,6.44,4.2,8.8,4.6,10.1,6.5,48.97
6.6,209.0,2.66,5.0,69.3,4.85,3.0,5.7,38.52
8.11,180.3,4.97,3.6,19.5,8.58,13.7,7.1,32.66
8.36,184.9,6.33,7.7,30.5,5.05,0.6,4.2,65.68
6.05,180.5,4.86,4.9,60.9,4.99,5.3,7.1,47.34
5.96,313.4,5.45,8.4,25.1,8.83,7.6,6.9,70.31
6.5,259.4,5.77,8.6,46.1,9.99,9.6,6.7,67.57
2.86,0.0,5.8,5.3,35.6,7.61,14.3,5.7,38.66
4.27,265.6,6.13,3.5,48.9,4.36,0.6,9.3,47.58
9.46,219.5,3.35,1.3,0.0,4.72,6.0,6.9,34.47
9.96,198.1,4.21,2.6,0.0,6.2,0.0,4.3,55.35
6.55,161.1,2.79,2.8,63.5,6.8,8.1,6.4,35.95
8.04,312.4,8.44,8.3,76.1,3.53,9.1,7.4,47.67
7.56,294.8,0.74,5.7,17.7,7.81,14.4,4.9,46.05
12.0,122.7,8.88,6.3,37.7,6.21,8.5,8.0,41.28
9.02,240.7,9.47,1.1,53.8,1.71,12.2,6.7,12.14
6.77,102.8,5.24,3.1,65.8,3.68,10.3,1.8,36.79
5.28,62.0,0.0,7.3,0.0,4.74,6.3,6.5,45.14
4.11,137.3,5.1,6.1,18.4,5.82,2.4,5.3,53.97
7.37,286.2,5.84,5.2,35.0,10.72,9.1,7.0,57.6
5.64,295.3,3.47,6.6,66.1,6.6,2.0,7.7,44.03
4.44,251.3,4.71,8.8,120.0,3.9,13.2,6.4,43.5
5.84,272.5,9.83,5.1,38.2,6.55,7.4,9.0,51.17
5.05,251.6,7.66,5.6,2.8,5.12,12.8,5.7,68.66
10.04,135.9,3.69,5.9,57.1,6.81,6.1,7.1,32.81
8.59,243.2,2.01,10.0,84.6,7.45,9.1,7.4,49.0
6.99,280.0,5.18,1.3,48.2,9.02,8.8,5.8,41.94
9.66,275.4,5.47,6.9,17.8,5.94,7.8,7.4,50.8
7.14,318.9,7.24,5.3,73.7,10.1,6.3,4.9,49.98
5.45,270.8,4.66,6.6,64.9,8.27,9.6,5.2,44.73
9.74,235.1,7.28,4.2,14.2,4.23,4.3,3.6,55.61
7.97,307.0,10.84,5.4,56.4,11.52,3.2,6.4,58.85
5.13,197.3,8.04,6.9,74.9,6.82,13.0,6.6,52.47
6.66,111.8,5.88,10.0,80.5,3.91,10.9,8.1,41.53
5.42,183.7,5.54,7.1,43.0,10.13,8.3,7.4,49.51
4.51,125.5,5.11,3.8,34.3,11.19,14.7,5.5,35.59
8.67,132.5,8.95,4.7,81.8,5.92,6.9,3.9,45.84
10.44,185.5,4.43,4.6,8.7,4.74,13.3,6.8,28.22
4.48,120.8,6.11,1.9,58.2,5.57,8.7,8.0,20.95
8.01,169.2,6.13,4.8,3.9,7.79,3.9,7.4,42.6
5.83,10.6,4.75,7.0,77.0,9.19,15.4,8.0,25.59
6.12,221.3,2.57,3.0,37.3,7.43,12.0,5.6,43.85
5.93,200.1,6.81,7.6,83.1,6.25,7.5,5.2,51.4
5.44,118.3,5.85,6.5,59.7,9.75,10.9,4.7,45.85
7.09,265.9,7.25,4.0,8.3,5.22,6.4,5.9,43.35
5.5,293.8,4.67,5.2,87.7,8.58,11.3,5.9,49.0
7.49,39.2,9.05,8.7,91.5,5.28,0.0,6.4,43.42
6.91,123.7,3.81,7.0,71.5,7.08,3.9,5.8,43.55
6.57,123.1,10.28,5.5,22.2,5.72,11.9,5.8,46.02
5.37,106.0,1.63,5.0,35.8,5.86,7.0,4.6,47.05
5.96,282.9,7.09,5.7,49.4,5.06,8.8,7.7,45.54
8.36,180.6,7.19,4.5,23.9,9.36,2.6,6.1,50.85
7.9,173.5,4.01,1.3,95.8,4.17,15.4,5.7,15.69
5.24,0.0,7.06,9.6,49.3,4.15,12.8,4.7,62.43
7.18,263.5,9.2,5.8,0.0,11.3,7.2,3.6,81.41
8.35,76.1,0.46,6.3,55.2,8.44,6.4,8.4,25.98
4.0,206.0,7.26,5.4,34.6,0.04,12.1,7.0,42.86
7.98,227.7,0.0,4.0,42.8,4.59,15.9,3.1,32.32
5.81,336.1,3.59,5.1,33.9,1.47,11.8,7.4,35.33
8.03,69.1,10.07,2.3,69.2,3.62,16.7,7.7,11.35
5.63,0.0,4.55,10.0,78.6,0.0,4.3,6.2,32.16
3.75,218.4,3.07,3.0,53.5,5.66,4.7,8.9,40.4
4.07,380.1,5.51,3.4,34.8,3.15,3.2,6.4,52.15
7.09,323.9,11.17,4.6,43.8,6.15,9.8,3.4,72.61
7.47,221.0,1.42,8.1,45.6,1.94,8.7,6.7,44.47
5.37,150.8,3.37,5.5,20.9,6.21,7.4,6.4,45.2
8.15,280.7,9.74,3.0,62.4,4.96,11.2,4.9,42.91
4.01,102.6,10.64,8.0,58.8,9.75,12.9,7.0,51.38
6.88,247.6,5.74,7.0,91.2,9.53,1.9,3.0,65.67
4.82,250.5,2.9,6.6,82.7,7.96,5.6,7.8,51.81
5.83,306.0,11.24,6.9,24.4,5.18,11.3,4.4,65.5
7.09,476.0,9.99,10.0,69.6,10.96,6.1,4.2,78.77
5.45,239.2,7.7,9.9,16.5,2.12,4.8,5.8,73.42
6.31,149.1,3.97,4.1,65.9,2.49,12.1,6.8,25.91
8.81,197.4,5.88,8.7,29.5,5.79,2.8,6.3,49.74
5.96,23.1,5.6,6.3,14.3,11.64,6.8,4.7,49.1
8.5,130.5,6.83,6.5,53.4,5.49,9.3,5.1,37.03
4.97,159.1,9.63,2.1,0.0,5.54,5.7,4.0,53.16
7.95,147.6,8.2,5.2,0.0,2.4,11.1,5.6,44.65
9.59,215.2,3.31,3.9,39.7,8.36,5.7,7.9,31.63
2.55,117.8,9.44,7.2,47.5,8.38,13.6,6.0,58.02
5.57,312.1,6.78,7.6,33.9,7.97,7.5,7.5,56.69
8.04,200.0,7.72,1.4,0.0,4.43,10.7,8.6,29.97
6.63,199.1,9.67,5.5,20.5,4.23,11.0,4.9,54.51
7.67,167.2,3.22,7.7,56.7,2.77,5.5,5.7,40.06
5.91,215.5,5.91,5.1,62.5,6.21,0.0,9.9,48.93
7.16,282.5,4.67,7.0,44.5,3.3,9.4,8.6,43.96
6.72,113.3,2.08,6.2,79.7,3.06,8.3,3.0,28.12
9.1,134.2,6.87,6.2,56.9,4.94,10.2,6.7,38.32
7.46,169.6,12.28,5.0,22.6,4.78,7.1,6.0,56.59
7.61,65.4,1.4,3.1,36.6,4.66,6.3,7.5,17.22
6.26,118.1,5.92,3.3,2.9,7.17,16.0,4.7,32.18
6.12,152.4,7.6,6.9,41.8,6.2,2.1,4.5,60.15
6.22,287.4,6.31,5.5,78.4,5.28,10.9,4.8,48.11
7.71,226.3,5.72,5.2,65.6,6.46,5.7,5.0,38.88
6.24,219.4,2.75,4.7,87.1,3.52,6.7,7.5,18.65
7.52,285.1,6.58,4.9,35.9,6.26,6.7,3.9,56.58
10.74,186.3,4.11,7.6,85.4,6.38,4.8,4.9,42.56
8.57,239.0,0.53,4.8,39.2,2.24,10.3,2.8,38.53
6.41,189.7,8.99,2.8,89.1,8.49,13.6,7.8,26.98
9.16,226.5,8.4,7.0,44.3,3.8,9.9,8.3,33.72
6.27,141.7,6.13,5.1,66.2,6.23,8.4,5.4,37.04
3.33,0.0,6.57,5.6,89.3,8.91,4.1,5.5,49.93
5.19,186.6,8.69,8.7,39.2,8.31,10.1,6.8,57.46
3.63,342.3,6.56,5.5,51.6,6.09,16.6,8.7,39.17
6.37,292.6,8.26,6.1,83.7,5.09,6.5,6.7,45.59
7.03,296.5,5.26,3.1,41.0,8.37,6.5,4.7,43.21
10.02,323.6,9.28,5.1,5.4,7.69,5.8,3.1,73.04
7.59,208.9,6.8,6.7,109.3,4.45,6.0,4.0,48.65
6.61,219.7,6.49,2.4,30.9,4.01,0.0,6.1,35.17
8.49,138.2,2.82,5.9,49.8,0.82,9.6,4.8,36.73
3.02,168.4,6.72,5.7,79.7,6.39,4.6,6.4,46.33
7.42,261.6,3.92,5.6,26.7,5.79,1.6,5.0,66.96
8.39,320.4,4.4,7.6,14.8,8.84,11.0,4.1,64.96
4.34,186.1,3.96,6.2,52.6,6.9,3.7,3.9,51.25
9.06,155.0,3.33,8.5,0.0,9.34,6.6,8.8,43.34
7.61,200.1,11.31,3.5,36.4,4.26,13.9,7.6,38.45
6.25,260.1,9.33,5.8,52.4,8.85,2.4,9.1,50.19
8.14,55.6,10.8,5.7,36.9,4.68,1.9,7.0,44.51
11.09,0.0,2.94,3.4,0.0,7.94,9.1,5.2,44.28
7.33,144.9,6.18,7.4,92.8,2.35,12.6,8.4,20.63
7.45,77.9,2.77,10.0,48.1,6.59,1.7,5.9,51.85
6.17,149.2,4.26,5.5,87.9,1.04,9.6,6.4,35.58
5.47,185.2,3.7,6.5,37.2,5.33,10.3,5.9,47.51
8.49,154.7,9.1,5.7,18.6,7.1,0.0,1.0,66.05
5.46,345.2,5.01,4.1,53.1,4.7,11.2,8.9,41.85
7.13,232.7,8.67,1.9,38.5,3.37,11.5,6.9,24.3
6.14,230.0,7.51,4.1,9.7,8.12,6.8,6.6,62.94
7.86,262.2,11.76,2.7,89.1,5.74,13.0,5.9,31.54
7.6,86.1,2.3,8.9,26.3,4.78,12.5,6.3,59.44
8.87,303.9,9.15,5.3,0.0,6.1,8.4,4.9,74.07
6.08,192.4,8.87,4.8,84.8,12.59,6.2,7.1,40.74
6.51,267.0,3.57,7.3,29.9,8.88,4.1,3.6,67.2
5.24,92.8,8.52,3.3,26.8,8.91,7.8,6.3,48.55
6.2,44.6,6.84,4.0,0.0,7.09,10.3,7.0,45.3
7.68,281.8,5.43,5.6,97.2,6.42,6.7,5.6,46.18
8.36,237.6,3.94,7.6,6.3,0.01,0.0,6.7,62.95
5.34,109.8,4.2,6.5,46.8,4.3,13.1,4.2,42.2
8.57,113.0,11.12,6.0,72.4,4.8,8.8,4.3,43.62
9.44,312.5,6.0,5.7,57.7,1.31,6.5,6.4,39.17
7.74,81.1,7.96,6.3,43.2,3.11,11.4,7.2,38.78
10.38,364.3,4.02,5.9,0.0,1.05,14.1,2.6,61.33
5.61,109.9,4.05,3.4,20.7,5.9,0.0,6.9,45.15
4.76,263.8,8.7,5.6,50.6,8.05,9.7,5.0,65.88
3.8,167.1,2.63,3.4,21.4,8.77,2.3,5.7,39.55
9.69,260.3,4.96,5.7,51.1,7.04,10.0,3.6,52.18
8.18,145.6,6.09,4.5,65.5,3.59,8.5,4.5,37.34
6.9,183.7,6.28,10.0,73.9,1.17,10.5,7.7,50.91
7.5,204.1,5.55,5.4,8.2,1.61,6.0,6.1,36.52
4.97,99.8,6.99,2.7,110.9,2.83,0.5,5.3,43.07
11.4,274.1,7.73,5.2,68.0,3.78,6.2,5.8,42.72
7.23,148.7,7.84,6.5,44.9,5.6,9.6,6.9,45.77
7.2,177.1,3.54,8.8,77.7,3.46,12.1,6.8,47.3
8.31,100.6,5.29,4.3,116.0,6.85,3.3,5.9,31.88
7.87,0.0,8.99,2.3,1.8,5.42,12.1,8.0,30.26
7.4,180.9,8.24,7.1,38.2,6.03,5.4,7.7,50.4
5.58,441.3,2.57,2.7,0.0,8.85,9.4,6.7,56.79
7.85,278.5,6.88,4.6,50.8,3.05,6.0,6.1,43.8
10.39,198.1,1.05,5.0,56.0,7.05,8.7,7.2,23.56
9.42,173.7,6.12,5.4,43.8,5.97,11.6,6.6,35.59
9.87,202.2,10.74,6.9,25.4,5.17,3.1,7.9,38.12
6.08,254.7,3.63,4.1,0.0,8.21,5.3,7.6,54.87
5.22,81.9,3.91,5.0,56.2,8.2,8.7,4.2,41.72
6.77,311.4,7.91,5.5,88.7,3.63,17.6,4.0,43.59
7.1,271.5,2.14,5.8,27.3,5.54,4.5,4.7,55.1
8.97,271.8,4.42,5.7,58.2,6.7,16.2,7.8,23.38
3.95,243.8,7.49,6.4,0.0,5.32,16.0,3.2,84.58
9.75,202.0,4.41,7.2,58.7,7.46,7.6,6.7,41.04
6.72,267.3,5.41,6.3,33.2,6.7,6.8,6.7,51.4
6.23,259.2,7.86,6.4,22.1,10.58,5.2,8.1,53.2
5.18,164.6,7.05,2.3,22.2,2.17,7.7,6.3,37.15
4.02,142.6,6.67,5.6,33.2,5.69,2.4,3.6,72.99
8.48,210.2,5.15,6.5,56.5,3.73,7.7,4.3,53.05
7.13,354.9,6.93,7.0,5.6,7.51,14.0,3.9,76.21
4.68,76.1,5.69,4.1,33.1,1.96,5.6,5.0,43.92
4.67,53.2,7.14,4.2,43.8,6.87,7.0,5.7,39.44
6.4,216.5,4.76,4.4,12.0,4.42,1.2,3.9,48.85
10.0,205.1,5.54,6.6,98.9,4.16,9.5,8.6,23.79
6.53,217.3,3.53,7.6,19.4,2.38,9.1,3.6,54.37
4.29,224.4,5.91,4.7,24.9,4.84,8.3,8.4,52.6
6.56,177.7,3.97,7.3,15.7,8.71,7.1,8.1,51.16
6.51,349.0,3.21,5.7,99.0,5.94,6.8,7.6,50.67
2.15,39.9,6.65,5.3,61.6,7.57,10.0,4.8,62.38
6.9,117.2,6.53,5.1,16.9,10.16,7.9,6.6,43.6
6.58,189.7,7.96,7.0,78.2,6.66,9.3,3.7,42.22
8.25,35.7,4.92,6.2,51.0,4.6,8.9,7.6,35.98
10.33,182.4,7.02,10.0,52.7,7.17,12.5,5.9,60.13
9.03,366.1,7.38,3.8,34.7,4.64,10.7,5.3,40.44
6.52,202.1,7.11,6.5,22.5,4.74,8.8,3.8,68.47
5.01,223.1,3.94,4.4,55.1,2.2,14.1,1.5,52.52
11.63,74.0,6.37,3.8,28.6,8.32,9.7,4.1,39.58
7.11,138.4,6.91,5.5,99.5,5.03,13.2,8.0,33.94
7.03,162.5,6.02,5.8,6.9,6.46,10.4,5.3,59.78
6.96,168.2,0.78,10.0,91.1,3.41,0.6,5.7,51.81
7.36,328.2,6.4,5.1,41.7,7.09,13.2,7.2,49.14
6.74,255.8,11.53,3.2,54.0,4.1,8.5,9.3,40.43
5.97,88.9,5.1,6.0,70.0,5.65,7.8,8.4,26.78
6.02,224.7,4.18,1.4,26.1,8.19,9.1,4.2,41.61
6.94,249.8,6.93,5.3,70.9,7.98,6.6,2.5,53.38
6.02,314.0,6.78,5.5,0.0,5.94,8.9,10.0,51.29
5.72,358.1,8.98,7.1,23.4,1.58,5.6,10.0,53.69
7.19,98.5,2.86,7.4,17.3,13.48,13.1,6.3,42.9
6.54,118.9,7.83,4.5,7.4,10.36,7.5,3.7,59.18
9.71,74.2,7.48,5.2,38.6,7.81,6.5,7.7,32.95
2.23,176.6,5.64,4.0,56.6,4.12,4.3,5.8,58.81
8.96,246.6,6.85,3.2,66.1,5.72,9.1,5.8,24.87
9.24,298.7,8.57,6.1,52.2,4.64,8.7,7.6,44.52
3.27,192.4,8.18,3.0,25.0,9.16,9.6,6.6,55.0
6.38,168.0,3.14,4.7,56.1,6.66,3.9,3.9,44.51
6.33,215.2,8.05,3.5,48.7,4.04,1.6,5.4,47.36
4.47,116.5,5.84,6.6,73.1,4.82,10.5,7.2,27.34
5.6,409.0,6.18,9.1,68.3,8.8,13.9,6.9,66.4
5.0,39.2,6.18,2.9,45.9,10.0,3.9,6.5,41.97
10.15,218.5,5.62,1.8,18.1,9.82,14.4,7.7,32.58
8.68,402.4,8.98,5.3,25.4,7.89,9.1,5.3,71.26
9.29,200.7,5.79,5.5,28.5,5.37,8.0,6.3,44.13
8.3,181.0,3.2,5.9,35.5,0.0,6.4,1.0,55.59
4.97,164.3,5.02,4.6,53.0,6.74,2.5,5.2,50.67
6.06,182.0,6.45,5.1,66.5,6.0,12.0,7.4,38.99
7.88,337.3,9.07,6.2,43.5,6.35,4.9,5.3,53.03
4.8,0.0,7.51,7.6,45.5,6.13,4.9,5.2,45.9
8.28,353.3,3.87,1.6,49.3,2.68,12.0,4.1,46.27
6.57,57.6,12.21,4.8,29.5,7.39,0.5,7.8,34.14
6.33,173.3,6.66,5.9,17.2,7.58,1.9,7.0,54.49
8.28,157.1,9.19,3.7,0.0,7.71,7.9,7.5,54.3
7.8,258.9,5.62,9.0,24.1,8.37,9.2,2.9,70.14
6.35,40.2,7.33,4.2,59.2,7.51,9.9,5.7,31.0
9.09,246.2,8.1,5.4,23.9,4.97,6.8,5.5,53.05
5.05,402.4,9.05,6.6,37.9,5.82,18.1,5.5,63.39
8.11,63.7,8.64,4.3,59.0,6.23,7.1,4.9,38.2
8.07,219.0,8.18,1.8,60.6,6.27,7.1,5.4,31.68
6.44,133.8,5.21,4.6,12.6,8.5,4.8,7.5,51.91
7.59,242.6,4.57,7.6,74.9,7.61,8.5,2.6,67.91
4.75,201.9,6.83,4.8,78.8,11.19,10.5,9.2,36.72
8.66,135.9,8.33,3.8,11.1,11.52,12.8,6.9,33.38
6.67,248.8,5.44,7.4,20.3,6.2,2.0,5.9,59.23
6.06,380.4,8.66,4.8,80.7,0.0,7.0,7.6,41.74
8.89,180.9,9.63,4.5,40.6,9.09,9.8,3.4,56.89
5.73,272.0,3.71,5.8,0.0,4.65,10.3,4.8,52.68
4.46,70.7,3.91,7.0,3.0,4.0,8.0,5.8,46.32
4.2,104.4,5.65,10.0,37.5,5.0,10.2,8.5,53.06
8.09,247.2,6.77,7.2,10.1,4.88,4.8,5.9,65.89
4.7,348.4,4.69,7.8,32.6,7.53,14.2,6.8,57.58
10.16,235.6,9.38,4.5,46.0,2.1,12.0,4.9,32.02
3.25,168.7,7.06,3.4,88.9,3.31,2.6,6.9,63.44
10.05,199.9,6.1,5.6,36.3,6.86,3.7,9.0,44.24
7.38,75.0,2.41,5.7,77.2,7.56,3.8,7.8,26.03
6.83,260.5,2.71,3.3,87.9,7.6,10.7,5.9,37.3
6.02,288.2,6.7,5.1,88.0,4.03,2.9,7.2,43.52
7.72,154.8,0.67,6.3,53.5,3.55,6.7,7.0,36.19
6.93,153.0,8.53,6.2,0.0,4.73,9.8,6.9,53.03
8.99,226.6,5.6,6.5,58.8,6.6,7.7,8.0,39.39
7.21,156.3,14.11,6.1,76.5,9.71,9.0,8.0,46.32
7.27,193.4,11.77,4.5,42.6,0.88,3.7,5.8,38.14
6.35,410.0,5.55,4.5,97.3,5.45,10.4,7.2,55.15
6.9,175.3,5.73,3.1,70.8,2.67,5.5,5.3,26.12
7.55,164.2,8.49,9.1,62.0,1.87,6.7,4.3,45.36
3.92,135.2,10.26,5.5,77.6,8.42,9.0,5.5,51.68
4.57,274.4,1.9,5.1,55.0,7.36,8.4,5.9,42.14
8.34,181.9,1.53,3.6,0.0,7.12,8.1,3.0,49.44
7.31,135.1,4.44,10.0,30.0,8.3,5.0,7.5,58.16
6.67,332.1,7.46,3.4,80.9,4.8,6.8,1.0,68.84
7.03,342.0,7.24,4.6,20.8,4.92,8.0,10.0,50.39
7.63,140.0,8.67,6.3,38.3,11.46,2.5,8.7,47.67
6.03,13.3,3.0,6.7,13.7,5.38,6.1,5.5,43.82
5.6,300.8,0.21,7.4,98.5,7.84,9.6,6.0,47.77
7.35,131.5,8.15,9.1,95.4,6.02,2.9,6.5,37.21
5.24,279.1,3.93,6.5,18.5,1.38,12.6,4.9,56.55
7.73,3.0,0.95,3.4,49.4,0.89,13.1,6.3,0.0
3.94,289.3,6.36,5.0,24.6,4.55,3.0,5.7,78.01
8.85,78.9,7.98,6.1,63.4,8.64,13.4,5.8,34.06
7.85,273.1,5.69,9.6,60.3,7.97,7.4,6.3,56.82
7.46,201.4,4.86,2.7,69.4,8.29,9.7,3.6,33.77
8.77,104.6,5.6,7.9,55.0,3.53,6.0,6.1,36.49
10.0,159.3,5.07,5.9,133.1,10.04,11.7,6.3,41.88
8.83,268.6,2.63,7.2,14.2,3.59,9.6,6.2,53.93
3.69,210.6,4.21,5.3,0.0,6.53,4.7,5.6,55.16
4.7,258.4,7.3,3.8,33.2,5.97,3.3,8.0,60.44
5.88,397.6,6.8,7.0,0.0,5.57,2.2,5.4,89.09
7.05,43.6,6.42,6.8,0.2,9.35,8.8,6.4,49.32
7.93,361.7,3.51,7.4,15.0,4.24,10.3,8.3,53.12
5.69,210.4,5.55,5.5,17.3,2.63,10.6,5.9,46.71
7.34,110.1,0.56,4.3,16.4,6.05,7.5,6.4,45.73
5.64,67.0,6.45,2.4,60.5,5.0,3.4,5.8,26.42
5.9,181.1,9.57,7.1,29.8,14.44,5.3,8.2,62.28
4.47,292.2,2.31,6.3,39.6,7.69,12.6,5.5,52.24
5.34,187.2,4.54,3.6,71.8,4.98,6.1,8.3,19.68
4.57,351.1,6.82,4.4,22.0,3.36,8.6,5.8,74.04
5.24,54.9,9.13,4.6,37.1,1.3,3.7,4.5,37.98
8.9,198.8,4.88,2.5,56.0,3.44,9.3,7.2,23.94
5.29,74.8,4.27,3.9,0.0,6.29,6.2,5.5,34.99
11.74,236.4,1.08,3.2,0.0,9.57,12.2,7.1,33.26
7.89,288.7,6.26,4.7,55.4,8.8,11.1,1.1,65.92
7.33,157.9,11.11,4.0,59.8,6.57,6.0,6.0,38.78
5.45,0.0,6.69,2.2,106.9,5.19,7.5,5.2,25.31
8.26,219.9,5.94,9.5,49.7,6.67,5.8,4.1,61.15
5.96,243.7,6.81,8.0,69.6,4.7,2.3,5.0,68.21
7.22,240.4,5.97,3.9,39.1,10.3,4.6,5.0,61.73
11.61,323.6,3.97,6.0,53.9,5.53,8.8,5.9,39.88
6.83,92.9,8.06,6.3,95.0,5.78,9.3,3.5,44.42
9.07,268.0,6.56,7.9,0.0,0.46,8.6,6.6,55.83
5.73,319.3,6.04,3.9,57.4,5.51,6.8,8.5,45.39
6.94,22.1,3.56,7.7,109.1,8.09,11.7,6.5,26.99
10.19,232.0,9.26,4.4,53.5,3.33,8.3,7.5,36.8
5.87,149.6,7.66,2.8,94.5,4.12,10.8,8.0,19.07
10.26,191.8,4.62,6.9,26.1,7.98,0.9,8.2,49.31
8.27,234.8,8.5,8.1,44.0,2.31,0.0,9.4,59.56
5.99,151.3,4.76,10.0,46.0,8.64,9.1,5.1,62.97
8.14,132.4,4.04,3.1,0.0,4.67,2.3,4.7,50.73
8.75,203.4,4.1,6.9,10.0,5.03,7.2,7.4,50.96
8.12,91.3,1.57,4.7,12.1,3.19,6.8,7.3,28.25
4.17,91.4,7.18,7.1,69.7,6.95,14.3,7.4,42.05
5.69,267.9,1.42,2.6,71.2,12.15,9.6,9.4,20.09
6.55,85.1,2.93,3.0,54.7,7.95,8.7,6.0,35.16
6.87,266.6,0.81,3.9,69.7,3.84,11.3,6.8,8.76
8.12,246.3,5.78,5.7,40.1,8.84,9.5,4.2,53.1
7.32,27.4,5.62,4.2,81.1,5.21,6.2,9.8,21.99
4.6,132.2,5.18,6.8,45.3,9.44,12.3,5.4,41.81
7.68,319.4,3.39,7.6,46.7,8.02,3.6,5.4,63.02
8.1,101.9,3.07,6.7,37.0,0.0,9.3,5.4,27.37
8.01,153.6,7.16,8.7,65.5,3.49,1.8,4.8,52.29
8.95,246.2,4.62,6.3,32.4,8.36,8.8,4.7,59.17
8.5,278.3,6.79,3.1,74.3,6.38,8.8,5.1,40.66
7.83,174.8,3.79,8.2,11.0,3.44,14.7,3.5,39.53
6.87,140.2,6.45,4.3,12.0,4.42,1.7,4.6,45.9
4.01,342.2,9.26,7.3,65.6,1.23,5.6,9.5,61.5
7.77,373.9,7.47,8.6,42.3,5.78,11.3,7.3,62.28
7.37,297.9,4.97,6.4,31.4,11.53,9.3,7.7,64.43
7.49,208.5,6.64,2.5,71.7,8.01,8.7,8.1,38.17
4.7,119.2,5.4,3.7,26.8,11.48,4.2,9.3,38.69
5.05,117.0,6.02,8.1,39.0,8.21,5.6,2.8,82.8
8.9,252.3,5.19,5.2,87.0,8.57,13.0,3.8,43.47
6.93,241.8,5.59,5.7,91.2,10.94,7.8,4.6,43.65
8.23,340.2,6.53,7.0,92.2,6.94,9.5,5.2,48.18
7.05,265.0,3.52,6.9,36.5,5.53,7.5,5.5,37.23
7.05,49.7,3.46,6.1,81.9,8.58,3.3,5.2,48.63
8.69,305.2,2.53,5.1,16.5,9.63,11.7,6.4,58.01
6.07,100.2,2.0,4.9,17.8,4.8,10.0,6.1,28.59
7.17,161.6,2.96,7.2,0.0,4.2,17.2,4.7,46.67
6.17,225.0,6.4,6.6,95.2,6.35,3.9,2.1,62.38
6.22,399.6,3.77,5.0,19.1,8.08,11.3,4.2,57.66
6.44,511.0,7.28,7.7,41.2,8.0,2.8,5.0,72.88
7.4,260.7,6.09,5.2,17.7,2.44,8.6,5.6,47.32
6.14,181.7,1.08,3.8,65.9,10.78,11.9,4.0,36.53
9.26,253.5,7.64,4.0,33.7,4.4,0.0,5.1,51.49
5.39,288.8,8.03,3.5,5.9,5.34,7.2,4.0,65.28
6.66,167.9,3.52,5.0,58.2,3.74,5.7,5.8,45.73
6.21,379.5,7.05,8.0,2.0,12.75,5.2,4.1,86.77
9.6,223.0,3.86,3.9,19.9,6.61,9.5,4.5,44.51
7.35,249.8,6.24,5.9,0.0,3.87,12.5,3.6,64.24
8.86,266.6,2.84,4.2,2.3,8.16,7.5,5.7,53.39
4.33,242.2,1.52,5.0,50.4,7.92,8.8,4.4,47.79
7.48,283.9,5.04,2.5,0.0,5.53,8.5,7.6,43.48
8.6,138.3,5.69,5.1,0.6,8.1,8.0,6.7,50.08
7.15,144.2,5.01,5.1,44.9,3.94,3.6,5.9,33.05
8.92,90.0,3.04,6.6,28.7,4.77,12.4,4.6,46.26
6.07,244.0,5.0,5.9,104.8,0.97,9.2,6.7,41.14
9.54,277.9,6.67,3.1,100.0,2.69,9.6,7.2,18.58
11.14,245.8,5.89,7.7,19.0,10.52,4.8,6.3,60.89
6.35,367.4,6.46,5.9,61.7,10.1,6.2,8.9,57.01
6.2,199.4,4.32,5.9,67.5,6.16,7.3,6.8,36.13
9.62,266.9,8.93,5.5,27.1,10.16,1.9,7.6,60.37
9.84,90.8,3.06,4.5,0.1,5.6,1.2,6.2,44.34
6.06,161.3,7.22,5.9,44.6,5.39,5.6,7.2,35.11
6.24,269.6,8.95,6.5,39.8,6.14,10.1,4.6,63.92
6.49,284.9,7.2,2.0,31.9,5.69,5.4,5.2,40.71
4.58,170.6,5.49,4.4,58.3,5.46,3.9,6.6,49.65
5.35,192.8,4.68,5.0,22.5,8.86,4.7,6.6,47.35
5.19,48.2,8.59,6.0,10.4,6.38,6.2,6.9,49.29
5.62,164.3,2.44,7.9,48.3,7.78,6.6,8.0,52.89
6.94,289.0,3.57,4.0,56.6,8.58,16.7,3.4,48.68
7.42,257.5,5.01,4.5,9.7,6.97,12.2,4.2,45.54
9.79,250.1,9.09,4.5,72.8,3.57,12.1,6.4,27.98
5.2,205.0,6.95,3.9,0.0,2.62,12.7,4.7,47.62
8.77,200.7,3.58,4.8,27.7,6.37,4.0,10.0,35.4
6.61,134.0,5.22,7.0,37.3,5.57,3.1,6.9,49.38
6.91,269.9,4.46,3.4,25.9,6.22,3.6,5.9,42.62
8.21,242.1,4.23,6.4,28.0,5.96,13.3,5.1,39.59
4.98,249.2,8.45,2.1,101.1,12.46,5.8,5.1,49.44
7.69,147.4,2.57,4.4,19.5,2.67,3.0,6.1,36.45
7.3,0.0,10.02,4.8,118.2,1.03,6.3,6.2,36.58
7.89,309.7,8.07,8.8,58.1,6.83,7.0,5.2,64.66
7.52,152.1,8.73,5.0,47.8,5.06,9.1,5.5,54.31
11.42,113.7,4.84,1.1,59.3,6.79,9.0,8.4,3.25
5.85,269.3,5.63,1.5,120.9,7.46,4.7,8.5,13.4
6.04,160.8,2.42,5.6,15.2,9.21,10.7,6.5,37.2
5.88,306.0,4.69,6.7,11.4,2.23,5.4,3.6,74.25
6.0,261.7,7.23,6.3,22.4,4.61,7.4,7.0,65.91
5.85,268.4,9.24,5.8,46.0,7.07,10.7,8.8,42.46
9.14,63.4,3.23,7.8,0.0,7.93,5.4,8.5,41.76
9.56,321.2,5.09,4.4,45.7,11.48,5.7,7.3,39.56
5.97,226.1,5.62,7.3,95.8,8.39,10.4,8.6,26.31
5.5,163.1,2.51,2.2,49.5,5.86,4.6,6.1,37.04
7.85,214.3,7.48,3.7,36.2,3.77,6.5,7.1,39.31
6.01,22.4,4.19,1.9,26.5,4.59,10.2,4.8,26.69
8.14,240.9,5.51,5.0,72.0,4.52,16.2,6.5,21.27
7.37,97.1,4.87,5.4,20.2,7.64,10.4,8.4,44.71
4.27,64.7,4.03,5.7,100.4,6.64,9.9,4.9,32.9
9.79,47.8,5.98,5.6,103.0,2.69,10.1,4.4,29.34
10.23,311.3,5.46,3.6,52.7,4.91,3.7,6.2,32.37
5.9,137.1,5.07,5.1,44.7,8.19,8.5,5.6,42.27
6.3,353.4,4.18,2.5,75.9,6.88,7.9,7.2,38.84
7.51,146.4,6.8,8.2,77.8,7.42,9.3,5.2,49.85
7.6,29.3,10.13,4.9,20.8,6.96,8.5,9.1,36.02
8.19,88.3,6.35,4.5,29.2,10.07,9.5,3.7,49.96
10.62,323.6,8.49,8.7,5.3,6.59,6.8,8.3,56.05
6.68,184.4,2.52,3.0,57.3,5.03,8.2,4.6,34.55
5.56,145.2,6.39,3.2,65.0,3.71,3.1,2.8,48.03
4.52,216.0,3.26,3.3,4.5,6.62,6.7,6.4,51.04
5.68,250.2,2.31,5.4,31.3,0.0,13.6,5.5,37.81
6.94,311.7,4.15,6.4,4.6,5.54,9.3,4.0,55.47
10.23,344.8,8.98,7.0,18.0,5.49,7.9,3.0,62.71
6.07,164.0,8.38,10.0,61.5,2.59,15.6,6.0,34.28
7.4,67.4,6.61,1.0,23.0,3.68,2.6,7.8,29.38
6.97,158.7,2.17,6.7,36.0,8.02,3.6,7.1,50.22
9.14,226.0,5.51,4.4,0.0,6.58,14.9,6.1,50.15
11.55,103.6,6.75,4.3,50.6,6.25,8.2,6.9,31.57
6.04,104.3,6.44,4.3,43.7,6.77,7.0,6.0,25.49
6.12,234.4,1.39,3.7,23.1,6.23,3.2,3.4,46.0
8.88,195.1,3.77,8.9,39.3,9.11,9.8,3.4,60.07
8.23,203.3,5.84,7.2,50.4,6.31,10.2,5.6,47.52
10.32,124.2,7.34,5.5,20.6,2.35,3.6,5.7,42.2
8.05,177.0,0.51,8.2,0.7,10.08,7.4,7.5,54.21
6.35,107.6,5.59,2.5,99.2,6.93,6.7,7.4,20.51
8.06,289.0,6.36,2.8,26.0,4.53,9.0,7.1,39.49
9.0,303.5,8.12,1.1,42.1,2.87,3.5,5.5,35.36
8.48,15.4,7.73,4.1,75.3,6.99,13.0,3.5,38.99
7.91,107.0,7.46,5.8,150.9,5.71,11.7,6.7,18.59
8.92,50.3,4.0,5.7,7.7,9.94,6.5,6.9,32.76
9.1,135.0,1.23,5.8,58.5,5.14,7.1,1.7,40.5
9.49,191.7,5.02,2.7,23.8,3.91,7.5,4.5,35.15
8.17,55.0,8.5,7.1,28.8,8.24,4.9,4.8,60.8
6.7,107.8,9.48,6.0,23.4,8.31,6.2,6.2,52.37
7.26,99.6,7.78,7.0,11.2,6.42,6.9,4.6,55.42
9.17,220.7,7.07,1.7,43.8,7.69,14.5,5.9,22.12
5.53,206.9,6.95,6.1,0.8,5.91,11.8,5.6,63.55
7.66,127.8,4.61,3.1,73.4,6.58,11.7,5.7,20.7
6.29,217.7,5.67,4.7,46.7,8.91,9.5,4.7,48.8
7.05,145.3,10.17,6.6,57.7,7.56,3.5,4.8,66.76
9.3,172.8,3.64,5.7,31.0,5.58,7.8,4.1,48.81
7.34,367.3,10.04,3.8,34.0,9.38,11.9,6.7,44.78
7.08,334.0,5.19,5.5,53.6,0.09,3.0,7.0,32.95
4.55,70.0,9.31,2.4,10.1,11.13,10.5,4.6,50.74
8.34,283.0,2.48,7.8,34.3,1.74,17.3,8.7,25.01
8.16,281.1,7.46,5.1,19.2,4.43,12.2,5.4,54.35
10.89,85.2,4.16,7.7,18.3,5.9,13.7,8.8,32.16
6.45,281.9,2.46,4.4,0.0,5.63,8.9,4.8,55.79
7.39,353.8,6.55,4.5,85.2,8.52,11.9,2.4,53.04
7.45,87.7,8.52,4.0,24.4,3.36,5.1,6.7,48.89
9.84,108.2,3.89,7.3,79.9,6.65,11.2,6.4,49.14
6.83,301.8,2.25,4.1,77.1,4.55,10.6,6.1,31.97
7.5,227.1,5.77,6.8,6.4,6.74,9.2,4.8,61.55
8.09,255.1,5.78,4.7,12.3,5.84,13.3,5.9,46.61
7.34,234.1,7.37,1.5,121.8,6.23,5.8,5.1,28.28
6.2,239.1,8.37,4.4,97.5,4.63,7.3,5.5,36.33
7.35,67.4,5.85,3.1,44.1,4.72,8.4,7.5,16.43
8.93,304.7,10.64,5.6,52.7,6.72,3.9,6.3,49.57
5.15,317.0,6.56,3.1,26.1,8.36,8.9,7.1,54.12
7.24,177.1,5.13,7.4,58.0,4.5,1.1,5.6,47.73
5.74,195.7,1.97,5.3,23.5,3.83,12.2,5.4,24.27
9.15,46.9,5.34,5.1,0.0,7.53,8.2,3.9,51.86
4.26,251.4,5.16,6.8,5.4,5.92,5.9,5.3,68.19
5.99,257.2,8.4,7.4,45.6,8.08,4.7,1.0,90.51
7.68,193.8,7.16,5.5,11.1,3.74,7.1,4.9,54.62
9.82,312.4,3.05,4.0,43.0,1.55,10.8,5.9,23.53
6.88,166.6,6.43,2.0,12.8,4.67,10.2,7.0,17.75
6.0,256.5,7.68,4.1,21.5,4.08,5.2,5.5,49.17
10.39,98.0,9.82,4.3,70.6,5.8,4.6,6.6,30.01
4.39,197.6,8.22,5.7,52.4,4.41,10.6,2.1,69.04
3.04,182.6,7.9,4.8,44.7,7.85,5.1,5.9,60.87
7.79,222.5,6.15,6.9,71.4,5.28,8.2,3.0,61.48
6.1,163.0,6.97,4.3,59.4,6.38,8.5,3.8,37.66
5.16,186.9,9.12,5.4,88.4,6.39,9.2,5.7,52.28
8.28,282.6,2.67,7.9,31.2,6.49,11.4,8.3,48.81
7.44,156.3,5.13,6.2,32.1,5.94,2.9,6.7,33.38
5.98,39.3,4.07,5.4,6.0,7.28,0.4,6.0,59.4
4.7,375.0,6.95,4.3,32.1,4.01,5.7,6.0,62.0
8.57,338.1,9.08,4.2,73.9,9.5,15.2,4.7,52.16
8.17,70.8,4.51,3.8,84.0,5.41,16.1,5.0,14.57
6.82,269.0,0.02,4.4,73.8,2.72,15.3,6.8,31.76
10.32,149.7,4.97,7.0,0.0,6.47,7.2,3.5,51.3
5.07,226.3,8.28,5.1,77.5,3.87,0.9,7.1,54.28
4.25,229.4,7.34,2.8,0.0,7.66,0.0,5.3,74.14
5.75,176.6,7.07,9.0,71.9,11.52,5.5,7.5,49.24
6.92,121.6,5.3,6.1,34.0,4.03,7.2,7.7,49.54
7.44,130.9,2.8,2.7,66.1,6.83,13.2,3.0,32.5
6.57,108.4,7.29,4.6,5.0,1.61,11.5,5.0,46.67
7.63,116.8,3.91,5.7,80.1,7.13,8.9,4.5,26.96
4.75,193.3,11.46,8.9,1.1,3.79,4.4,2.7,99.89
9.6,128.4,7.43,3.3,24.9,4.44,4.2,4.1,35.34
6.85,268.2,4.55,7.5,15.1,3.25,9.0,10.0,50.49
9.01,348.7,4.47,8.3,0.0,7.83,10.8,7.1,56.83
7.62,142.0,5.77,4.2,47.8,8.52,9.6,9.5,23.28
7.82,223.9,5.4,4.9,99.2,6.06,3.9,7.5,38.61
8.03,250.0,8.79,3.4,125.0,3.84,10.6,4.7,39.91
7.81,247.2,6.47,5.1,47.9,9.97,9.7,5.3,41.41
8.16,207.6,4.17,5.4,78.5,4.12,3.7,7.1,41.34
9.39,274.3,10.73,6.8,52.0,0.59,4.9,6.8,56.14
7.35,248.2,6.12,7.7,60.0,7.15,10.8,5.0,47.25
8.28,76.2,7.92,4.0,34.7,3.24,7.1,3.3,52.63
6.84,286.9,4.48,1.6,50.9,8.47,14.4,10.0,12.14
9.59,288.7,6.91,5.5,61.1,5.05,10.0,5.7,39.59
5.78,123.7,6.78,6.1,27.6,7.51,6.1,5.4,55.84
10.24,203.8,1.28,6.0,42.7,9.5,8.0,6.2,34.11
6.93,268.3,11.04,4.8,43.2,2.98,8.3,5.6,53.95
4.42,179.1,9.23,5.7,69.8,4.59,5.1,6.2,52.82
7.23,307.3,5.01,8.5,13.0,5.81,4.3,8.3,59.23
5.77,436.4,3.24,6.3,43.5,9.84,10.8,5.8,69.28
8.51,121.4,6.87,4.8,102.4,4.35,11.4,3.9,30.47
5.83,61.9,6.22,4.5,79.9,4.51,10.4,5.7,30.26
6.2,230.4,6.89,5.2,85.5,7.2,14.1,5.2,49.41
3.6,272.2,6.48,8.8,45.7,4.56,5.8,8.6,67.01
6.19,176.9,7.27,5.1,54.6,6.38,14.7,8.1,38.64
2.64,345.3,9.62,5.5,75.1,2.12,4.4,6.2,60.72
4.15,66.1,7.42,4.5,91.8,11.54,3.9,3.7,55.8
8.37,269.3,3.38,7.7,0.0,2.63,1.0,3.8,62.88
8.41,139.4,9.41,9.4,5.5,5.2,6.2,6.0,54.67
7.77,371.9,10.1,6.4,84.3,5.92,6.0,6.6,56.0
5.26,399.3,13.88,5.7,36.7,10.78,10.1,5.3,73.67
6.91,123.3,3.19,5.6,24.8,2.69,9.0,5.1,43.54
6.99,145.0,6.61,1.0,7.4,10.96,3.2,4.9,51.59
4.91,286.0,0.79,7.0,28.3,7.89,6.4,6.0,45.99
9.71,161.3,7.38,5.8,2.9,7.04,6.5,1.7,60.52
8.58,195.5,4.63,6.4,107.7,3.54,0.9,4.0,35.35
6.6,202.5,10.81,4.1,44.3,7.43,4.1,4.9,53.0
7.05,8.0,4.06,4.7,43.3,4.19,4.9,8.2,27.28
7.38,198.6,1.78,4.7,62.6,9.17,13.7,4.5,35.33
3.32,131.0,4.82,7.5,73.9,3.57,8.8,6.3,43.15
6.56,150.7,1.06,4.7,73.4,5.72,10.6,6.4,34.68
5.77,344.4,7.88,9.7,77.2,4.61,2.0,8.3,47.79
5.2,74.3,0.84,6.4,26.1,3.53,12.8,8.3,36.03
6.49,281.3,6.07,2.9,36.1,7.85,13.2,5.9,39.23
10.24,172.1,0.81,5.2,68.1,7.34,0.0,5.1,40.67
8.15,172.0,5.2,4.2,29.2,9.02,5.2,4.8,44.19
5.97,279.0,10.11,1.1,44.8,1.55,10.0,5.6,48.18
8.03,234.0,6.9,8.7,57.0,8.66,10.6,5.2,48.6
9.52,257.1,3.84,6.9,68.6,12.26,5.3,7.0,47.52
8.66,296.8,5.92,6.6,0.0,4.87,6.8,6.8,61.94
7.11,166.9,6.05,5.8,66.4,10.74,5.6,7.1,32.78
5.84,138.8,7.18,2.7,38.0,5.34,8.4,8.3,24.03
8.26,91.5,2.58,4.5,66.2,2.57,12.8,9.4,8.56
7.71,117.5,7.48,7.2,68.3,5.24,4.9,6.2,37.43
8.61,494.9,0.0,3.4,93.2,8.62,12.0,8.0,28.72
8.14,324.5,4.43,1.0,85.6,3.9,4.9,5.4,28.01
8.89,64.9,4.78,5.0,85.4,4.5,4.6,8.1,25.14
6.04,67.8,7.58,5.2,88.3,7.48,11.3,7.9,24.85
9.37,248.2,6.06,5.8,53.7,6.01,11.7,7.8,43.17
7.36,254.7,2.49,7.0,46.0,7.46,11.4,6.2,38.71
10.74,254.9,3.54,6.8,71.2,6.59,2.7,4.8,40.95
5.76,174.5,6.5,6.0,67.0,7.2,6.1,3.5,67.64
10.12,187.5,5.8,7.9,35.7,4.92,11.3,5.9,40.9
7.36,232.8,4.55,2.5,57.1,6.58,8.2,8.8,16.74
5.83,208.6,4.8,6.5,43.9,3.68,3.7,5.4,40.22
6.13,0.0,7.74,6.8,19.4,9.22,9.8,7.4,50.92
6.42,177.0,4.71,3.0,83.7,4.41,5.1,7.5,23.05
7.76,114.9,5.78,2.5,46.7,8.82,15.2,5.5,26.52
7.94,217.5,11.42,4.0,106.5,5.42,14.2,8.4,25.47
5.97,498.5,2.44,4.2,0.0,6.5,10.4,1.0,90.11
6.96,236.7,1.37,7.0,28.3,4.76,13.4,3.8,48.43
10.86,168.6,7.96,4.3,46.0,3.46,8.3,4.4,55.33
10.11,292.2,4.3,3.8,79.1,1.64,11.1,4.5,32.58
7.79,248.3,5.2,4.3,57.0,3.36,13.9,6.6,38.05
7.07,242.0,4.05,7.7,54.3,5.19,9.0,6.5,51.53
7.22,260.7,5.35,5.5,11.2,6.53,7.0,6.7,52.37
8.1,405.7,10.0,5.1,10.3,8.53,1.2,7.1,68.82
5.16,86.9,8.01,5.3,54.7,4.89,7.7,4.3,49.02
6.54,247.4,8.16,8.1,4.1,3.8,11.3,3.8,71.61
4.0,107.4,2.46,4.0,29.0,2.39,11.8,6.7,27.9
7.72,255.6,3.12,8.1,60.0,7.2,10.0,4.9,52.54
8.16,108.1,0.0,5.9,15.5,9.46,5.8,3.2,58.41
6.13,158.3,3.98,5.2,93.2,9.17,0.1,7.7,52.48
9.83,170.5,8.39,10.0,81.7,7.77,6.0,8.5,51.61
4.79,297.6,7.29,3.4,0.0,7.6,6.8,8.8,68.42
4.36,291.8,5.45,4.8,17.0,10.24,6.7,6.3,59.09
7.4,75.4,5.94,3.0,0.0,6.83,10.5,7.1,39.65
8.88,205.5,4.28,7.4,21.5,7.62,15.9,8.5,47.92
10.03,129.0,6.51,8.9,68.0,5.2,8.5,4.8,40.75
6.17,74.1,7.91,8.8,32.6,2.59,7.1,8.0,41.24
8.94,178.3,1.96,7.9,58.8,4.29,7.0,6.5,49.43
6.93,169.2,6.75,5.1,0.0,5.98,8.5,7.6,41.11
6.69,442.7,8.33,4.8,68.9,6.15,4.7,6.3,51.52
8.59,243.3,4.96,2.2,28.3,10.82,8.5,8.3,43.75
8.17,62.2,7.75,9.6,45.4,6.2,9.8,6.4,54.9
4.16,143.5,13.04,6.4,42.2,8.95,8.8,3.3,74.79
9.66,302.1,5.74,4.5,6.9,4.91,9.8,8.6,41.67
9.48,408.8,6.98,8.2,10.4,5.22,9.7,4.3,69.53
5.87,41.4,4.15,3.6,74.0,2.68,0.9,8.3,23.46
7.71,12.0,6.45,6.3,57.0,4.14,10.5,5.8,42.02
7.89,387.1,7.15,5.2,76.5,7.32,5.3,8.1,49.58
7.47,239.0,6.49,6.8,54.7,6.02,3.6,8.0,61.0
6.01,113.2,3.45,5.4,49.3,8.36,3.6,6.8,34.66
5.79,253.5,6.52,2.6,0.0,6.45,9.7,6.9,48.28
6.95,0.0,9.66,5.7,36.9,5.12,7.1,6.8,36.33
9.11,200.3,7.12,7.6,44.2,11.37,1.3,2.4,65.51
7.98,232.8,8.4,5.4,103.6,5.77,9.9,6.2,36.66
6.33,292.4,5.41,7.1,65.6,8.91,2.2,4.0,69.13
8.39,98.6,7.87,3.4,91.1,5.0,8.6,6.3,27.78
1.87,208.6,6.7,5.4,62.9,7.77,9.0,3.9,85.43
9.07,107.5,3.62,4.3,23.7,8.32,11.5,3.9,42.81
3.87,225.5,6.8,7.0,48.5,6.52,15.1,8.9,54.52
6.35,110.5,3.52,5.6,52.1,0.11,2.5,7.9,28.71
4.98,159.2,4.42,6.9,16.8,6.05,7.8,6.0,64.49
4.67,100.4,6.47,7.7,33.5,9.08,6.9,6.3,71.26
9.09,265.1,6.74,6.9,38.8,7.32,9.7,5.6,56.56
6.16,285.8,3.03,6.0,93.2,7.11,8.9,7.0,33.02
7.62,176.5,8.63,3.5,0.0,1.69,6.6,4.8,45.62
6.92,203.8,7.43,5.5,81.2,4.2,6.2,7.8,37.5
7.86,55.1,4.24,4.4,16.9,7.03,3.5,5.5,43.93
7.14,170.0,2.16,4.8,3.8,7.03,12.0,5.2,48.38
4.69,195.0,5.64,4.8,80.4,9.04,9.8,6.0,46.16
8.79,462.1,4.89,3.5,67.0,5.64,11.7,4.9,48.39
6.11,88.8,6.28,1.6,82.6,7.01,6.8,6.6,18.27
4.2,346.4,5.09,4.2,69.0,6.04,5.4,5.0,60.57
6.23,299.7,0.98,5.9,106.8,3.53,3.7,6.8,48.79
9.7,228.1,5.03,2.8,61.8,0.36,9.4,8.2,23.47
8.53,375.9,5.24,5.5,40.3,7.08,3.8,4.7,65.07
6.37,237.2,7.58,9.3,55.3,6.43,15.4,5.8,62.18
6.37,238.9,4.25,7.5,82.3,4.45,2.8,6.8,44.09
6.42,194.7,10.2,8.8,21.6,1.95,9.1,5.2,58.13
10.74,322.4,1.22,6.3,25.4,7.57,14.3,6.8,37.06
7.69,309.6,9.28,7.8,35.7,5.34,10.4,7.0,56.95
7.77,137.4,5.44,4.1,0.0,7.39,8.7,7.9,37.26
8.85,68.1,8.15,4.2,49.1,10.66,4.1,4.9,52.46
7.43,179.7,6.2,1.0,0.0,0.65,2.5,4.3,38.22
6.53,120.0,8.85,7.9,46.6,4.25,11.1,5.4,43.53
6.65,193.6,5.03,8.6,71.0,5.48,14.0,4.3,61.94
6.87,323.7,3.25,4.4,30.7,9.64,6.2,7.0,46.99
6.93,154.3,9.55,5.0,95.3,1.91,3.4,3.9,45.55
8.31,195.7,5.72,4.0,1.2,10.84,0.0,10.0,52.36
7.09,205.8,6.55,6.3,80.7,6.34,4.1,8.3,31.58
8.32,284.8,9.09,7.7,65.3,5.76,7.5,6.0,63.66
6.85,0.0,3.42,2.0,0.0,5.5,14.4,7.6,24.94
7.14,139.3,7.49,6.3,126.3,4.91,10.7,3.1,51.71
3.4,221.1,4.53,4.9,43.1,8.62,9.2,10.0,39.29
8.65,320.0,5.67,5.7,18.7,3.33,6.4,4.9,56.56
7.62,150.8,6.18,6.4,2.8,6.86,5.7,5.8,55.54
8.8,12.3,2.25,5.1,38.4,5.04,13.6,2.7,35.39
1.79,262.0,4.05,5.3,41.2,4.09,8.8,6.9,52.8
10.76,136.5,9.38,5.1,48.1,12.46,0.0,4.0,61.71
6.75,81.0,8.22,7.4,36.1,7.05,5.3,6.2,41.59
8.99,137.6,5.84,6.3,64.0,7.53,4.6,5.0,47.59
5.13,181.5,6.61,5.9,33.4,8.84,5.8,4.1,47.8
8.1,139.5,5.26,3.0,0.0,2.45,10.3,4.6,26.92
5.1,0.0,9.39,4.7,40.5,10.38,7.6,6.4,49.63
5.88,289.7,5.5,7.3,0.0,0.0,7.7,3.7,62.33
10.45,327.5,6.58,5.6,55.6,4.08,13.3,4.7,39.64
6.66,265.2,8.87,6.8,15.6,4.85,5.2,7.2,68.26
7.39,86.2,4.06,9.0,49.9,7.45,15.5,10.0,31.51
8.57,179.9,9.9,7.6,84.4,6.55,5.3,6.9,52.73
7.89,199.3,2.17,5.7,16.5,5.58,8.4,4.3,46.79
7.27,259.9,10.07,4.5,76.8,5.97,6.9,5.3,66.23
7.66,266.8,5.07,1.0,32.0,3.55,8.5,6.1,26.81
11.33,126.6,5.39,5.2,97.6,2.26,9.8,5.4,35.31
6.9,208.2,1.27,4.8,34.0,7.82,9.7,7.6,34.49
7.36,245.7,4.86,6.3,19.8,7.73,5.0,6.4,44.01
8.89,345.6,3.4,5.2,65.6,9.96,3.5,7.6,49.32
8.99,270.5,4.48,4.9,31.9,4.02,18.0,5.4,39.47
9.14,278.9,5.66,1.9,19.8,7.73,6.1,8.4,29.21
8.15,208.4,8.39,3.6,30.7,5.29,10.8,5.7,35.56
4.94,341.0,6.52,6.5,43.7,8.98,1.6,4.3,76.07
9.94,241.0,6.77,8.9,85.3,8.55,6.9,9.9,42.42
4.94,113.9,3.26,5.3,0.0,6.53,7.5,2.7,43.83
7.54,340.3,3.8,6.2,45.7,5.15,9.9,4.7,60.03
5.64,269.8,10.5,7.4,63.7,8.4,0.0,4.9,71.85
6.88,155.7,4.16,3.9,50.8,7.62,8.7,10.0,15.01
7.59,152.1,10.14,6.2,84.3,4.29,3.4,9.3,41.63
7.58,229.7,5.39,4.0,42.8,2.68,9.3,8.7,28.32
7.76,246.3,6.01,7.2,39.5,5.28,3.9,5.4,64.53
9.9,219.7,8.68,5.8,62.8,9.79,4.6,10.0,42.04
7.82,231.1,9.18,6.1,48.0,8.87,6.9,6.7,52.53
6.56,370.0,5.72,3.9,33.3,3.22,3.8,7.8,47.77
8.74,307.2,5.03,6.9,60.5,3.08,6.1,6.3,49.73
9.14,219.1,5.86,9.7,25.4,9.19,3.2,5.9,62.5
4.79,294.1,6.84,3.5,26.7,3.16,0.7,5.5,53.79
8.08,96.7,8.23,4.8,29.2,7.27,12.1,5.6,44.46
8.26,239.8,6.01,6.0,85.6,4.46,2.8,7.1,39.19
6.46,380.9,7.55,7.1,0.0,10.04,7.3,6.7,76.26
9.48,178.2,10.1,4.4,56.9,4.07,11.0,5.9,44.12
6.73,115.2,6.95,1.0,46.0,8.86,5.5,8.7,22.83
7.23,134.8,6.78,8.2,0.0,6.46,4.7,1.0,79.1
6.69,91.0,2.2,7.0,54.3,6.63,8.9,6.9,30.13
7.03,121.5,0.0,2.0,59.3,1.07,12.5,7.3,9.81
5.03,162.9,6.97,4.3,62.7,0.49,3.3,8.1,35.35
4.41,59.4,5.76,8.6,0.0,5.45,7.4,5.9,66.85
9.87,201.6,4.71,8.4,86.0,6.62,1.1,6.4,44.09
5.48,290.2,6.61,7.4,22.9,3.19,6.4,7.8,53.84
5.22,109.2,5.85,5.1,65.6,3.28,8.1,8.7,32.91
3.12,351.9,8.82,5.7,67.2,7.4,4.6,5.5,75.67
5.85,251.1,6.22,5.2,18.7,7.41,6.2,6.5,49.59
4.62,303.1,4.13,7.8,64.8,5.66,2.4,9.0,62.33
9.96,134.2,8.48,3.7,33.4,7.95,8.3,2.2,40.58
8.82,285.5,5.46,3.9,0.0,3.06,12.2,4.8,53.85
5.76,90.8,7.32,7.5,80.0,5.11,3.6,8.6,29.61
11.05,289.0,4.81,5.4,21.7,10.12,5.5,8.0,60.38
8.77,217.2,4.38,8.3,19.4,6.17,10.0,6.9,39.34
6.42,255.3,6.21,4.2,32.9,6.32,12.8,5.2,54.13
2.5,82.4,6.03,5.4,53.2,11.76,2.0,4.4,66.38
11.12,110.5,7.2,3.7,43.3,2.5,7.3,4.9,29.75
4.5,259.7,5.33,5.5,61.4,7.99,9.1,8.8,45.33
4.04,105.2,1.41,2.5,4.8,10.16,7.6,4.9,50.73
8.84,246.3,4.92,4.5,22.7,5.19,0.0,6.2,45.7
11.39,63.3,7.98,2.6,41.5,8.15,10.0,4.6,27.43
9.49,284.8,5.26,6.9,101.9,3.54,14.1,7.5,34.2
8.02,76.7,5.38,6.9,41.6,4.28,8.5,5.0,29.79
8.07,255.2,8.47,2.0,77.6,6.96,3.9,5.8,35.34
8.54,262.6,4.22,8.2,46.2,8.0,5.9,3.0,84.37
8.37,130.3,2.14,10.0,30.5,8.8,15.1,3.1,49.31
7.51,258.2,5.6,5.6,37.6,9.92,11.6,6.0,56.82
7.19,226.0,4.79,4.2,39.9,5.83,10.6,3.6,42.68
6.89,146.1,3.58,10.0,63.1,8.98,9.4,9.8,42.51
5.64,99.1,5.56,2.9,86.2,5.14,5.4,2.3,45.06
6.49,3.7,7.23,5.5,55.8,8.26,7.2,4.6,49.86
3.95,235.0,5.98,5.9,80.6,6.52,7.7,6.0,50.08
6.82,43.5,6.77,8.2,16.1,7.11,10.2,5.3,64.45
5.22,209.5,10.53,6.2,32.6,7.06,14.0,4.0,58.44
5.01,173.7,5.14,4.5,23.3,1.99,12.5,4.3,45.94
7.32,267.9,6.7,3.6,54.4,3.19,2.3,4.2,51.16
9.51,169.8,4.73,4.8,34.2,6.26,8.9,5.5,31.66
8.65,167.1,3.88,3.5,66.9,1.78,10.9,9.5,9.5
4.17,273.2,4.54,5.6,17.1,8.08,10.5,6.1,60.69
5.22,233.5,4.8,4.4,46.3,8.18,5.5,8.1,40.5
8.69,231.6,6.9,2.5,65.6,6.82,19.7,6.9,39.66
5.23,246.9,11.87,8.0,0.0,3.2,2.9,8.0,67.03
6.6,46.4,4.21,4.5,108.6,9.45,3.7,1.0,56.79
7.99,275.7,4.96,3.0,36.5,11.09,8.9,5.5,51.25
5.26,261.2,5.84,5.2,0.0,6.37,16.5,8.4,48.98
7.19,98.3,6.99,5.6,49.7,7.28,4.7,5.0,40.89
4.6,175.6,6.66,2.0,46.0,6.5,6.9,9.2,25.95
5.92,196.1,9.21,6.2,42.5,7.33,12.3,8.7,40.48
7.58,186.6,0.0,3.4,74.7,5.7,7.9,5.2,15.45
4.13,233.4,0.03,8.9,67.4,5.91,6.7,5.1,50.23
7.79,343.1,4.76,6.5,53.9,8.26,10.3,4.2,48.76
6.96,308.2,8.74,4.7,58.5,11.86,9.1,4.9,67.68
7.99,68.8,2.09,4.0,41.9,2.5,12.1,3.8,31.15
7.4,262.2,0.0,5.3,98.3,5.74,13.2,6.8,30.94
9.46,332.9,7.43,6.7,0.6,3.05,9.2,3.4,71.65
7.23,238.7,6.61,5.4,49.2,9.98,9.2,7.1,47.37
6.23,309.1,3.27,5.1,47.0,4.53,8.9,7.1,51.86
7.22,401.2,3.54,5.6,69.4,2.39,10.0,3.0,51.03
7.98,302.4,3.58,4.3,19.7,7.6,8.2,8.8,41.51
7.09,224.9,6.28,4.8,0.0,10.36,8.0,6.9,60.35
7.07,304.5,4.43,1.3,49.7,7.66,12.8,7.3,20.54
5.74,214.5,7.24,7.4,53.4,6.51,14.1,4.6,74.71
5.81,202.4,0.0,6.1,89.7,7.02,2.0,7.1,37.96
4.48,164.9,3.86,4.0,6.9,9.54,8.0,8.0,46.96
10.15,356.3,3.18,9.3,79.6,3.81,5.2,5.8,60.93
4.76,118.2,5.36,5.7,116.0,5.72,6.8,9.6,29.84
5.75,353.2,4.65,3.4,33.7,4.87,9.6,6.1,48.5
5.71,250.0,7.99,7.2,6.3,3.08,10.7,8.1,55.61
8.61,60.1,1.35,6.3,32.8,5.18,7.6,6.5,21.47
6.47,236.8,6.11,6.3,45.4,8.77,0.3,7.1,53.73
9.25,0.0,7.4,4.6,61.9,7.42,4.1,3.0,46.78
5.79,262.6,10.64,6.4,27.3,7.61,11.6,6.7,62.99
7.5,288.5,4.8,5.0,91.7,6.37,0.0,4.7,60.65
5.5,140.8,6.81,6.6,11.6,7.31,12.7,4.5,55.92
10.86,212.4,1.49,1.7,0.0,4.0,10.1,9.1,12.26
4.86,395.4,0.02,4.6,78.2,5.23,13.3,5.6,51.41
7.56,149.4,8.11,8.9,0.0,6.48,7.2,4.2,78.67
8.14,94.1,5.99,4.0,38.9,6.69,0.0,5.4,50.59
7.74,348.2,8.95,4.3,138.5,6.8,9.7,3.7,47.35
6.67,396.3,2.57,4.6,44.6,5.65,13.1,8.6,46.37
6.77,200.4,7.3,3.1,11.4,5.06,11.7,4.7,67.93
7.08,301.1,10.67,1.1,43.3,13.89,5.3,7.0,50.6
6.74,334.1,7.05,5.0,43.5,8.27,8.3,8.4,40.26
8.73,125.8,6.69,5.8,49.8,7.03,5.9,5.1,40.74
10.98,151.5,6.02,5.4,64.9,5.42,4.7,7.0,37.96
6.0,323.1,2.07,5.2,13.8,4.87,11.8,4.1,44.98
4.53,368.5,9.39,5.6,95.6,5.67,3.2,10.0,52.34
6.84,256.3,4.47,7.5,52.4,6.73,4.4,7.7,52.2
11.64,112.0,7.26,5.1,66.8,1.3,3.6,5.7,42.55
5.55,398.7,2.09,4.4,26.2,2.08,2.0,4.6,69.07
9.95,146.9,3.05,4.9,83.6,4.41,8.6,5.8,31.4
10.02,166.5,9.59,6.7,37.3,6.52,12.6,5.4,33.81
6.0,234.2,5.13,8.3,53.3,5.4,7.3,9.5,50.16
8.02,355.4,9.63,4.2,17.0,9.7,2.0,3.8,79.01
9.93,285.4,5.8,5.7,15.1,2.29,11.4,6.2,46.35
6.32,241.5,1.4,6.2,65.6,4.12,14.7,6.0,23.48
6.63,246.3,8.23,3.5,31.7,9.8,5.4,5.8,48.51
5.95,204.4,4.53,5.5,19.4,6.33,6.1,5.8,44.09
5.17,255.8,7.75,2.6,25.7,8.21,10.1,5.8,36.76
5.83,0.0,6.06,2.0,66.0,11.13,14.5,7.6,17.74
4.8,170.3,2.14,6.2,26.1,4.27,5.9,7.1,39.53
7.06,224.1,6.41,4.7,41.5,5.75,2.7,6.8,64.15
5.61,84.9,11.49,5.9,45.5,5.32,10.5,1.0,63.96
7.42,238.6,7.23,5.5,0.0,1.11,11.2,6.5,56.6
4.2,179.6,5.86,3.5,0.9,5.22,8.0,3.0,51.05
7.6,375.5,8.69,5.4,55.1,8.2,5.8,7.2,53.63
8.5,357.3,6.53,3.0,22.9,7.35,12.0,8.7,41.12
3.41,153.4,6.52,8.3,76.7,7.55,10.1,4.3,55.43
7.67,184.9,3.27,2.8,74.0,5.06,4.9,5.5,26.71
9.21,192.6,6.58,5.1,66.6,4.36,8.2,4.9,37.92
4.82,154.8,8.59,3.4,99.6,9.17,2.6,8.2,35.54
10.01,219.5,3.91,6.6,42.5,4.76,10.7,6.2,51.57
7.75,124.2,9.56,4.8,64.5,6.74,7.0,9.1,34.17
5.73,86.9,5.77,4.5,27.5,6.41,6.3,6.7,42.75
6.9,262.3,3.78,7.2,118.6,9.65,7.9,6.4,45.98
8.0,263.0,8.49,5.6,104.5,8.43,8.2,6.1,47.97
7.14,119.6,5.28,6.5,45.4,2.76,11.6,7.5,30.86
7.97,289.5,7.9,3.5,56.6,3.03,10.4,2.9,46.72
5.34,136.8,5.27,2.7,85.8,7.45,7.4,6.2,31.18
7.3,225.3,5.85,5.7,40.6,5.84,11.1,5.9,52.31
4.46,282.0,7.23,4.9,25.3,4.86,9.6,7.3,60.67
6.8,196.6,6.73,6.8,71.2,8.54,6.3,5.7,48.61
5.37,245.5,1.01,5.3,47.4,6.47,7.5,4.1,55.23
5.68,148.4,3.2,5.9,50.5,6.13,7.4,6.0,39.91
9.22,180.4,8.32,2.3,20.0,7.95,10.0,4.1,44.64
8.96,179.4,5.67,9.3,0.0,5.06,6.5,2.5,68.24
8.1,125.3,4.69,5.2,52.1,9.92,6.4,7.3,34.87
5.03,182.3,2.6,6.9,72.1,4.03,15.9,7.0,41.56
6.43,45.1,3.3,3.8,38.2,7.64,11.8,6.8,26.55
9.18,150.9,0.95,6.1,88.1,9.58,5.0,8.3,27.83
7.26,171.5,5.75,2.9,23.9,2.56,10.3,4.8,26.42
11.17,174.4,4.5,6.4,13.4,5.14,8.5,3.4,49.69
7.71,175.9,3.58,4.8,43.0,8.86,9.6,5.9,37.45
7.35,193.8,5.83,5.6,42.5,8.89,8.5,5.4,42.74
6.44,247.9,6.91,6.9,68.1,5.57,12.8,4.5,51.47
7.24,287.5,11.23,3.0,21.8,4.16,9.4,5.9,48.13
6.73,135.0,2.22,4.1,86.0,8.39,7.8,4.9,32.76
8.27,79.7,8.9,6.4,104.0,8.96,12.2,2.7,46.83
8.72,95.8,8.43,9.7,43.8,3.09,8.9,5.2,44.37
5.59,151.3,4.05,5.2,82.5,2.99,8.5,4.0,36.03
4.6,164.8,6.51,6.7,13.3,6.56,9.3,6.4,56.76
3.69,123.0,4.86,5.3,77.3,7.57,7.6,4.8,55.31
7.91,70.4,6.46,9.4,76.4,5.25,8.0,8.0,38.02
5.01,154.4,9.77,2.0,70.9,7.7,5.7,8.9,27.35
3.12,218.1,7.51,5.7,44.5,4.22,5.0,7.2,60.16
7.7,259.5,7.27,2.2,0.0,0.71,4.0,3.2,64.99
11.49,144.3,4.92,1.0,25.7,4.94,2.4,8.7,26.85
6.99,158.7,2.29,6.1,26.2,6.16,4.5,8.8,41.02
8.51,107.3,5.48,5.8,15.7,5.31,7.3,6.0,47.2
7.15,196.9,9.02,4.9,48.7,3.1,8.4,8.4,45.31
6.82,115.2,2.18,5.3,32.4,1.46,6.9,5.0,42.11
8.65,257.3,3.36,10.0,20.3,4.71,0.0,2.6,80.61
6.48,21.4,6.32,5.0,13.2,8.24,14.3,4.6,49.15
7.48,164.0,3.54,6.5,23.5,9.14,12.3,9.1,29.44
7.58,230.1,4.02,4.2,78.6,8.97,9.8,3.3,34.57
5.8,218.4,4.94,6.1,25.2,3.96,15.6,6.0,45.4
8.79,469.3,2.59,5.0,29.6,3.12,4.1,6.1,56.31
6.69,235.0,3.56,4.7,31.3,7.24,15.6,5.1,39.06
5.64,99.6,7.76,9.1,55.2,7.59,4.1,5.2,65.04
7.97,190.5,2.73,7.9,58.7,7.0,9.0,6.1,30.61
5.38,22.4,2.01,5.8,0.0,0.96,2.9,5.0,41.11
7.05,191.9,4.42,1.0,75.6,3.83,8.1,3.4,25.61
6.98,116.7,7.83,4.8,88.1,5.93,9.5,6.4,20.77
8.95,291.5,5.51,10.0,13.5,7.22,7.4,7.9,71.37
7.85,145.0,4.84,5.0,15.8,7.92,10.9,7.6,28.98
6.95,188.3,6.11,7.7,31.5,6.36,8.4,4.5,53.13
8.47,136.4,1.64,8.4,22.3,6.83,5.9,3.7,60.58
9.5,373.9,7.24,5.9,51.7,6.21,5.7,5.5,61.74
8.0,167.9,6.96,3.8,0.0,7.71,11.2,8.8,31.85
7.02,383.3,4.98,1.0,11.5,6.78,5.4,7.2,50.47
4.64,281.4,8.51,6.9,91.2,6.16,11.7,7.3,51.76
5.08,248.2,3.18,3.9,17.2,5.33,12.9,7.6,54.9
6.45,236.9,8.82,5.9,82.3,6.2,1.3,6.8,53.97
5.9,239.4,6.39,3.0,55.7,7.21,12.5,6.2,36.83
6.66,7.2,5.16,5.0,0.0,6.67,16.2,7.2,28.15
7.1,172.1,5.95,5.6,64.1,6.95,9.0,5.0,38.32
7.95,284.5,5.73,6.0,41.5,9.36,10.4,3.5,54.02
6.87,195.1,9.05,3.3,31.3,6.66,12.1,7.3,47.25
7.88,59.5,3.31,7.9,52.3,4.38,6.9,8.2,30.69
7.12,194.8,4.09,4.3,59.2,8.21,8.7,4.0,47.39
3.44,370.4,8.59,2.2,66.2,2.58,2.7,7.5,63.2
5.31,324.7,4.51,5.3,80.3,3.3,8.6,9.0,20.7
6.74,193.8,8.25,5.6,57.2,6.84,10.0,6.0,53.8
4.82,295.1,10.25,5.8,3.7,7.29,10.1,4.5,74.97
8.08,163.3,5.0,8.2,30.8,2.89,12.3,6.2,45.56
9.76,29.6,7.7,5.0,133.3,5.04,4.9,5.0,21.37
9.19,107.6,3.12,5.3,66.7,4.48,5.9,4.9,27.71
6.62,356.3,7.89,3.3,116.1,4.78,15.6,6.8,35.61
9.68,172.6,6.5,7.1,86.9,8.36,7.4,3.1,67.31
7.27,175.7,7.18,5.9,52.3,7.77,8.8,3.4,60.17
6.39,170.0,4.39,4.7,54.0,5.95,7.7,6.0,46.1
5.9,390.4,1.85,1.7,43.9,4.64,4.7,6.0,42.19
6.46,362.6,7.26,8.4,0.0,2.63,14.5,6.6,61.87
6.3,421.9,0.84,3.0,45.5,9.55,5.9,9.4,36.76
7.31,184.1,5.21,4.3,81.3,7.48,3.5,6.2,34.67
7.29,229.6,8.35,6.2,27.0,4.23,6.2,7.1,37.33
7.01,48.3,6.48,3.1,57.4,7.8,0.0,4.2,38.82
7.79,347.7,10.87,2.5,70.5,5.82,5.4,7.4,40.56
9.14,83.2,8.56,1.3,17.7,5.28,4.1,5.1,34.5
8.71,221.7,4.37,6.9,31.5,7.09,10.5,6.1,47.54
4.33,90.3,6.07,4.4,14.5,4.15,5.3,5.8,49.96
2.4,141.1,5.88,10.0,20.3,5.14,11.6,7.9,65.3
8.68,116.3,2.04,3.5,6.4,6.3,13.6,3.6,33.39
4.54,139.2,3.65,3.7,18.0,4.75,11.1,1.9,39.45
6.6,146.1,4.6,4.4,87.6,7.67,7.1,5.6,30.37
4.89,145.2,0.91,6.0,17.5,10.67,8.6,6.8,40.85
3.76,283.3,6.12,4.6,48.8,4.11,1.9,6.3,61.62
7.97,89.5,5.38,6.7,29.9,1.84,7.5,8.2,37.88
8.37,222.1,1.82,3.5,80.4,1.0,4.6,6.8,28.32
5.96,321.8,7.01,2.7,84.3,5.62,10.8,5.0,47.43
2.34,148.7,7.79,1.9,70.9,4.34,18.3,1.8,50.67
6.02,128.2,6.57,1.1,54.2,6.52,10.0,5.6,24.01
7.71,176.9,5.19,4.5,38.1,6.33,0.0,7.9,37.72
4.34,318.0,7.48,4.9,9.2,1.99,6.6,5.3,54.73
7.33,219.4,7.7,4.2,103.3,1.46,8.5,6.1,36.45
6.97,146.9,6.77,8.0,22.2,6.74,8.3,6.8,50.7
8.04,248.4,3.94,8.0,64.9,6.34,5.1,4.2,47.52
7.22,89.8,6.69,4.8,76.8,4.94,9.0,7.1,21.62
5.25,268.1,8.99,1.9,28.3,1.86,3.0,8.9,34.38
9.15,240.9,4.51,4.4,76.1,7.18,4.2,5.7,39.8
6.71,169.2,11.24,4.3,67.9,9.18,10.6,4.0,58.21
6.95,116.1,4.69,4.2,96.8,6.69,3.9,5.9,28.86
5.32,111.3,6.08,4.1,30.9,3.88,10.2,2.0,35.45
6.2,253.5,4.32,4.2,6.4,6.11,2.5,6.6,52.47
5.41,322.9,6.56,4.7,29.8,2.58,15.1,6.8,45.05
6.69,136.3,1.64,4.2,51.3,8.64,4.9,9.0,25.9
10.08,245.8,4.63,5.9,46.7,6.2,7.1,5.7,40.62
4.53,0.0,3.27,6.2,33.2,1.58,9.3,6.7,33.27
4.1,141.5,6.34,3.7,0.0,5.25,5.7,4.4,58.82
9.65,196.9,8.49,8.0,59.1,7.16,8.6,5.4,52.33
6.62,109.0,7.62,3.5,104.2,5.17,10.3,3.3,37.51
5.8,106.3,0.07,2.3,58.9,5.31,11.8,5.6,16.69
8.87,133.2,11.11,6.3,63.3,2.94,11.2,5.5,38.06
5.91,229.2,6.74,3.9,62.2,7.42,7.3,6.5,51.29
10.29,181.3,4.06,6.1,56.9,4.38,7.4,4.9,43.27
8.22,0.0,6.39,1.0,72.9,0.61,17.4,6.2,7.14
6.12,0.0,6.44,8.3,56.9,5.07,11.8,5.4,48.54
10.88,139.3,4.33,6.8,35.6,8.45,4.3,5.4,51.11
5.91,245.8,6.49,2.5,21.1,5.03,8.4,6.1,49.47
8.34,0.0,4.48,2.5,37.5,10.34,6.7,6.1,17.51
7.54,150.0,4.99,8.8,54.4,7.07,7.5,7.4,46.29
9.34,147.4,4.28,4.0,35.5,6.85,3.1,5.8,38.12
9.81,338.8,2.42,3.8,54.4,5.68,6.4,5.4,52.24
7.06,161.5,6.36,1.0,58.2,5.83,15.2,5.7,27.98
5.64,238.3,7.46,4.8,70.0,5.34,10.3,4.7,43.44
7.83,214.1,7.29,5.0,83.5,5.24,0.0,5.4,51.35
5.78,0.0,8.05,6.9,47.3,7.33,12.9,9.7,31.59
10.62,276.8,6.81,2.7,5.8,3.66,12.4,4.4,47.26
7.25,221.5,4.67,2.5,34.6,3.31,6.6,5.5,29.09
6.34,250.8,8.1,6.4,46.3,3.19,10.9,5.3,53.6
7.33,592.6,2.61,7.5,0.0,11.11,4.6,5.6,88.51
4.58,0.0,3.75,2.4,86.7,7.33,6.1,5.4,27.11
5.25,372.5,3.59,7.7,49.3,6.76,14.0,6.5,52.44
9.16,171.3,8.7,5.6,56.4,3.36,6.9,2.9,46.66
5.82,228.7,8.36,7.7,86.0,7.56,0.5,7.9,63.06
5.12,195.4,7.22,5.4,26.1,5.71,7.7,7.1,42.59
7.97,157.6,8.68,1.0,62.2,6.54,7.7,3.8,28.67
9.13,143.0,3.8,5.2,41.7,3.56,12.8,1.9,42.7
8.29,233.0,6.87,7.6,39.5,6.4,8.1,4.2,53.5
8.79,48.3,5.69,3.7,21.8,4.94,6.3,5.6,28.19
5.64,275.1,8.12,4.7,95.0,4.09,12.2,10.0,29.22
4.44,158.4,5.71,5.1,33.7,7.84,8.5,7.0,37.33
9.7,87.0,5.04,1.0,66.0,2.16,5.0,2.7,18.76
6.42,155.0,7.35,8.8,0.0,7.41,12.6,4.8,78.88
6.55,325.7,8.19,3.7,80.4,7.71,8.8,5.9,50.17
9.39,146.5,4.33,6.5,76.6,3.8,8.0,6.5,26.16
8.0,235.8,5.85,5.3,47.9,3.95,8.7,3.6,51.55
7.82,126.9,3.35,8.0,38.2,5.44,3.7,5.8,51.41
10.9,275.8,0.0,6.3,57.0,6.71,5.9,4.7,50.74
5.84,268.6,6.5,5.0,113.7,5.62,8.0,4.0,46.42
8.67,384.9,7.52,3.7,0.0,7.08,7.2,6.5,66.87
7.1,182.4,6.66,7.1,68.5,10.41,13.1,7.4,28.36
7.48,266.9,1.13,1.8,17.7,4.73,8.9,7.5,21.69
9.75,209.8,5.12,6.8,44.4,1.71,11.4,7.0,35.46
7.91,329.6,0.45,3.3,37.6,8.06,8.0,5.1,45.58
7.97,128.1,9.42,8.0,32.2,10.21,12.2,7.3,44.5
8.93,274.5,3.28,5.8,44.7,6.98,9.6,6.6,43.75
6.34,180.5,9.14,6.8,11.0,3.28,8.1,6.2,51.14
5.49,193.6,8.36,5.7,75.9,5.69,7.9,4.9,47.81
5.12,209.2,3.75,2.0,0.0,3.2,4.2,5.1,54.31
3.46,225.2,3.17,3.8,61.2,7.61,10.0,6.1,50.79
10.7,188.4,6.88,6.8,35.2,2.62,7.8,10.0,25.75
5.01,221.5,3.89,5.8,9.9,5.25,6.0,6.5,47.28
6.6,357.8,6.26,7.9,51.1,3.49,12.4,4.9,56.43
6.5,298.5,4.79,6.3,0.0,6.32,3.0,4.5,70.59
7.55,286.9,1.55,3.6,46.2,5.08,6.3,5.1,36.03
8.47,154.4,0.42,3.9,2.3,6.44,12.1,9.9,30.95
8.55,111.1,6.57,5.7,58.8,6.06,9.3,5.3,40.44
5.95,295.5,4.6,1.0,17.3,3.53,7.8,7.6,36.73
6.7,287.6,4.62,8.8,31.5,7.57,9.0,5.3,54.86
7.51,347.3,7.74,6.4,53.8,5.88,8.7,6.5,62.19
6.55,139.6,8.93,8.0,21.8,3.53,1.9,7.4,37.22
9.89,177.0,5.32,2.3,43.3,11.6,6.6,5.0,44.45
7.88,36.1,5.15,8.0,0.0,7.19,14.5,4.8,56.22
8.32,160.8,7.25,10.0,63.9,5.62,5.4,9.0,42.13
8.19,299.7,2.61,2.9,97.9,9.54,6.7,7.8,36.06
9.11,153.4,6.56,7.0,128.8,10.6,5.8,7.4,34.02
7.33,264.0,7.38,5.5,47.7,5.64,7.7,7.4,45.63
4.67,180.9,7.7,2.4,68.6,6.87,5.7,6.8,40.55
7.72,232.4,1.16,6.5,0.0,3.53,9.9,9.6,59.17
5.83,85.2,4.1,7.2,90.1,5.63,8.8,6.1,43.47
6.05,208.5,3.8,4.3,68.3,5.5,11.1,7.0,35.6
8.06,0.0,6.25,7.8,30.5,6.46,3.8,3.4,48.47
9.23,181.3,7.2,2.2,82.1,6.83,6.6,4.5,34.3
7.04,37.0,9.74,2.5,37.4,7.4,7.1,3.8,36.27
7.56,320.6,4.76,5.8,31.3,6.59,9.8,8.3,50.85
10.06,277.7,4.76,5.6,59.3,2.97,4.8,1.4,58.25
7.43,246.7,8.87,4.1,13.1,3.65,11.7,5.3,41.77
11.68,352.1,6.74,7.1,75.6,4.63,12.7,1.0,64.52
8.02,105.1,9.17,6.6,13.3,5.29,4.0,4.5,52.27
3.83,374.7,6.72,7.2,13.5,8.63,6.0,5.1,84.3
8.36,293.2,3.11,5.3,17.7,3.09,5.9,8.5,34.77
7.69,176.3,2.67,6.7,67.8,5.11,18.5,6.7,28.03
9.32,313.6,2.12,4.6,26.5,8.38,6.3,4.5,56.85
8.21,89.4,7.66,9.6,4.6,5.25,14.7,7.9,47.66
6.75,117.5,8.97,3.9,26.8,7.15,2.9,6.0,45.3
4.8,139.1,10.62,9.7,44.0,5.65,4.0,6.1,68.41
6.62,147.1,8.11,5.6,9.6,6.64,5.3,3.8,65.39
5.47,94.3,8.91,2.7,10.4,5.43,4.6,4.2,43.46
5.96,322.3,4.55,8.2,108.3,7.67,6.9,4.5,60.51
8.06,174.1,3.11,5.8,19.2,2.14,5.2,6.1,49.39
10.01,235.3,8.13,7.2,35.3,5.09,4.7,6.1,57.66
7.71,143.0,7.04,7.9,34.0,6.74,12.6,8.8,40.59
4.85,17.9,6.27,6.2,32.4,7.33,12.9,6.7,43.66
7.8,227.0,6.97,4.3,63.6,9.73,11.8,1.1,61.44
9.15,8.8,6.81,7.5,73.4,5.02,10.1,6.5,35.96
5.9,193.1,9.21,5.5,35.8,9.7,8.4,3.4,50.19
6.76,63.2,9.24,6.9,7.9,4.35,6.0,4.3,47.35
7.03,398.7,7.36,1.2,83.2,9.32,4.2,4.5,57.41
5.59,291.1,8.11,6.4,42.1,8.04,9.5,4.8,53.85
8.17,210.6,7.29,4.2,96.9,3.72,3.3,3.5,46.68
6.78,326.4,4.85,8.8,0.0,6.77,4.0,6.4,71.08
7.76,115.4,7.89,6.7,50.9,5.87,12.6,3.5,42.06
5.4,254.3,2.51,6.0,102.6,7.56,15.6,6.6,36.62
6.21,220.0,8.63,6.5,34.4,5.44,9.6,10.0,44.09
8.3,226.4,3.01,3.5,38.2,5.23,12.4,3.6,52.76
6.33,327.2,6.71,8.7,53.9,9.42,7.0,5.5,64.18
10.11,273.2,3.89,9.5,28.2,5.75,2.6,1.5,85.5
6.28,228.9,7.38,6.3,35.6,8.07,10.4,5.5,57.44
7.4,34.5,5.92,8.7,34.9,5.44,10.3,7.2,35.79
8.68,104.0,2.01,4.4,26.2,10.17,8.3,7.3,37.0
4.45,187.7,7.05,3.9,81.9,4.3,7.0,6.1,43.54
3.83,209.3,4.56,5.6,58.8,4.46,11.8,7.6,41.17
4.25,87.0,8.2,6.4,52.5,9.81,4.1,10.0,46.33
9.27,441.2,6.0,4.7,69.3,4.89,4.9,9.1,39.14
6.01,351.6,6.99,6.6,37.1,10.0,4.0,5.1,66.51
11.6,260.2,3.61,6.1,21.8,8.23,8.3,3.4,60.74
5.98,207.2,4.53,3.5,26.9,5.61,3.6,5.3,45.85
7.33,178.8,4.85,6.5,45.1,1.47,5.3,4.3,46.03
9.78,104.8,8.14,7.2,13.2,5.95,5.2,6.8,51.73
10.61,207.7,10.19,5.8,30.0,6.25,7.0,3.9,59.72
10.71,225.8,3.99,7.8,29.5,8.92,2.1,5.9,47.66
9.18,75.8,8.69,3.1,108.7,9.97,8.3,7.5,29.84
8.84,233.4,0.58,6.4,0.0,4.29,13.0,5.8,45.6
8.07,184.5,3.01,3.2,39.6,8.0,8.5,4.3,37.34
