sleep_hours,caffeine_mg,screen_time_hours,workload_level,physical_activity_minutes,study_hours,break_frequency,mood_score,hydration_glasses,meditation_minutes,social_interaction_hours,overthinking_risk_score
7.89,277.8,1.23,3.6,11.6,10.31,11.1,8.8,8.9,13.0,1.97,47.61
6.75,144.9,3.85,2.8,26.1,6.3,12.3,8.4,1.3,24.4,3.04,31.72
8.17,118.2,4.97,2.3,16.7,7.88,10.0,7.4,5.2,13.1,2.58,25.82
9.74,199.7,10.72,6.3,28.6,6.25,0.2,6.1,5.9,17.6,3.64,82.62
6.58,183.0,7.39,5.1,38.6,4.33,7.4,6.0,6.0,13.7,0.22,51.42
6.58,154.7,2.66,6.3,70.1,0.4,3.4,7.4,6.5,10.0,4.98,25.91
9.84,269.6,7.22,6.9,35.4,6.51,7.2,5.3,7.5,5.6,3.29,69.55
8.38,295.5,2.13,6.0,0.0,4.06,11.9,2.6,5.9,23.2,4.54,57.11
6.15,208.8,8.71,6.8,79.2,4.0,9.2,6.9,5.1,10.5,3.81,58.35
7.98,347.8,4.82,5.4,19.9,4.75,12.6,4.0,5.0,5.1,2.48,57.05
6.17,85.8,5.77,3.1,43.2,10.36,9.4,4.3,4.5,0.9,0.57,61.19
6.16,180.6,9.31,7.6,58.4,12.01,2.8,6.0,8.0,3.4,1.65,71.62
7.44,128.3,2.78,4.3,51.0,6.54,0.0,5.8,4.4,7.8,4.88,53.11
3.56,13.3,2.51,3.6,77.8,4.84,8.6,3.5,8.1,3.2,4.58,50.22
3.9,191.7,4.54,5.1,59.4,3.06,7.1,6.3,6.0,2.5,1.57,43.05
5.99,187.8,8.6,3.7,19.2,7.17,4.1,7.7,4.7,7.5,0.0,66.7
5.18,351.3,2.2,4.7,110.4,10.46,1.2,4.0,7.5,1.9,2.18,56.16
7.57,263.1,0.0,6.2,50.8,5.38,5.1,8.3,4.2,16.1,2.07,33.17
5.37,97.6,4.87,6.2,40.6,0.05,7.2,3.2,7.6,6.6,2.13,43.58
4.46,385.4,7.38,3.7,73.9,7.68,10.7,9.8,6.5,8.5,3.29,50.7
9.64,322.1,9.0,4.5,52.5,8.46,8.8,5.3,4.5,1.6,3.81,60.19
6.59,258.2,4.84,7.6,57.0,2.04,14.4,6.3,7.3,3.9,3.99,43.89
7.12,177.4,4.97,6.5,119.8,6.44,3.9,2.6,7.4,5.3,3.17,55.14
4.44,104.1,8.88,9.7,36.7,7.13,11.5,5.9,8.9,16.5,0.0,70.52
6.02,162.8,1.33,7.9,35.5,5.82,8.2,6.4,8.4,14.7,1.99,51.3
7.2,308.9,5.03,7.8,48.5,4.02,10.8,5.8,7.2,2.5,5.96,62.3
4.93,388.5,6.48,2.7,77.1,8.54,6.3,5.0,3.2,9.6,3.06,75.98
7.68,354.3,7.12,7.0,0.0,4.99,12.3,4.3,12.1,2.8,3.05,72.37
5.92,151.1,4.73,5.4,0.0,2.29,9.2,8.0,2.5,44.4,3.04,38.05
6.47,88.0,6.09,4.4,27.4,0.88,5.3,6.1,8.4,30.4,3.12,36.37
5.92,214.1,0.0,5.8,0.0,9.15,8.0,8.8,7.1,8.3,0.0,45.99
10.33,23.2,4.35,7.4,32.3,7.54,7.0,5.1,3.1,12.0,2.14,44.43
6.98,232.3,7.13,6.5,60.1,6.22,10.0,5.2,5.7,16.2,2.44,60.25
5.1,185.2,3.54,3.7,18.3,4.9,3.3,7.5,5.8,12.8,4.42,43.34
8.48,153.4,6.15,7.0,2.2,4.68,7.9,3.1,9.3,12.0,2.57,53.96
4.8,40.5,7.12,4.2,47.1,3.31,9.6,3.8,4.2,31.8,0.03,35.11
7.38,251.4,5.14,5.9,70.9,4.92,8.1,8.0,5.3,9.1,3.15,40.07
3.47,146.7,6.43,4.9,0.0,0.7,13.4,3.9,0.2,10.1,1.29,77.3
4.61,83.0,3.59,5.1,69.6,4.16,11.1,2.7,10.3,18.9,0.67,50.84
7.35,0.0,5.48,7.0,69.5,5.22,8.0,9.4,3.3,11.1,1.25,30.21
8.33,197.2,7.53,3.4,73.6,7.52,8.9,3.5,6.8,13.2,3.31,58.95
7.31,377.2,6.39,9.4,81.6,5.9,9.2,6.3,5.7,2.7,4.39,64.29
6.79,366.1,4.53,1.9,111.1,7.99,9.6,6.1,5.8,4.6,3.22,36.45
6.46,154.3,6.56,4.3,34.3,9.37,0.7,1.0,8.0,1.6,3.45,57.73
4.34,139.8,7.79,6.2,48.3,8.65,6.8,5.5,10.2,7.0,3.21,55.03
5.7,246.9,0.88,6.7,32.5,7.18,2.1,6.8,6.6,6.1,2.65,63.99
6.17,100.2,8.9,5.3,45.1,6.03,13.1,6.6,7.6,58.6,3.55,42.96
8.9,230.2,5.16,5.4,91.0,3.55,7.8,7.6,6.8,9.4,0.0,28.78
7.62,276.6,7.06,6.3,4.6,7.85,7.2,5.3,8.5,15.4,2.67,69.55
3.83,322.7,8.99,5.0,19.2,10.2,11.6,7.3,4.8,4.1,0.93,84.06
7.58,190.0,2.57,8.3,86.3,6.86,9.7,4.8,8.7,17.8,4.24,42.76
6.31,179.6,4.23,7.2,75.6,10.79,3.5,3.5,8.8,9.5,2.28,46.34
5.78,112.2,5.28,7.2,34.1,2.19,7.7,3.7,8.7,11.9,2.55,54.35
8.1,117.3,4.04,3.6,70.6,3.11,6.7,3.4,4.3,3.5,0.24,47.58
8.86,177.4,10.34,5.3,55.2,8.14,1.0,7.8,5.6,8.0,4.03,45.19
8.68,236.7,3.86,4.9,90.0,6.66,5.2,3.3,6.6,10.1,3.44,46.21
5.49,291.4,4.61,3.5,47.2,9.28,7.3,6.5,2.6,8.9,3.34,46.2
6.44,119.7,6.51,6.2,75.8,5.96,7.5,5.5,10.0,24.7,1.28,22.28
7.6,349.3,2.99,4.4,124.3,3.83,2.1,5.8,6.0,22.9,1.34,48.21
8.76,172.9,5.01,6.8,62.9,5.47,12.6,8.5,6.7,35.4,2.84,27.02
6.14,197.9,6.79,3.4,46.5,2.17,7.6,5.2,4.6,11.0,1.46,55.92
6.67,125.3,5.17,8.9,66.7,3.18,8.2,7.1,2.7,35.7,3.15,47.25
5.01,0.0,5.77,3.7,34.0,8.43,9.6,6.1,4.5,17.9,0.0,39.49
4.85,288.4,4.68,5.9,116.6,8.18,4.8,5.7,6.5,3.2,1.77,56.52
8.46,273.7,2.21,7.1,50.4,6.91,9.8,10.0,7.7,5.6,5.2,38.57
9.44,171.9,6.8,4.4,36.8,1.7,6.5,3.4,6.4,2.7,3.16,55.31
6.87,206.7,10.39,7.2,19.9,5.1,4.4,8.3,6.9,0.0,2.75,66.16
8.81,251.6,6.05,3.0,77.9,2.94,10.3,7.2,5.2,2.1,5.48,35.09
7.65,43.7,6.56,8.4,71.0,8.94,14.0,5.1,7.2,0.0,0.0,50.18
5.84,147.1,7.73,5.5,30.1,4.54,10.9,8.9,9.7,12.7,1.28,31.48
7.65,279.4,2.83,4.3,62.3,3.29,11.7,2.7,7.8,5.5,1.9,47.51
9.77,74.6,10.26,4.9,0.0,6.07,5.9,5.1,8.0,3.7,3.79,57.87
6.94,229.4,6.51,7.1,50.5,4.4,1.6,3.8,6.7,14.3,3.81,55.77
9.82,64.3,10.08,4.3,58.6,9.71,14.0,6.7,2.2,17.9,1.2,28.94
2.28,246.6,4.17,4.0,96.2,4.16,16.2,4.0,3.4,37.0,4.0,53.67
8.48,196.4,10.55,5.1,21.9,2.5,14.2,6.8,7.1,10.3,1.9,41.83
7.16,38.5,7.94,3.1,6.6,0.62,6.7,5.7,6.0,6.2,4.32,35.31
6.46,316.5,7.38,9.1,18.1,5.92,3.4,5.1,7.1,3.6,0.95,82.6
7.17,126.5,6.59,4.4,4.9,4.6,3.7,6.7,10.2,2.5,2.32,59.47
3.42,119.0,5.38,7.2,85.1,2.43,1.3,5.5,7.8,2.4,1.76,67.04
6.6,220.1,9.0,5.9,91.5,8.97,7.6,4.0,9.1,5.3,4.08,48.15
7.64,314.9,6.35,3.5,54.6,7.67,14.4,10.0,6.2,48.0,1.72,23.42
9.66,98.4,1.08,5.5,81.6,5.93,7.4,5.1,4.0,0.0,2.44,41.99
6.07,206.2,3.21,7.1,49.0,9.41,9.2,2.0,5.9,2.2,3.26,73.59
5.54,242.9,5.54,5.1,42.1,7.66,13.5,4.5,4.0,2.1,3.32,58.77
6.1,269.3,6.77,7.9,35.0,3.94,6.4,3.7,9.9,12.6,3.83,58.93
8.65,217.6,5.86,7.5,35.7,3.4,16.1,7.5,8.0,4.3,2.82,36.62
7.59,163.3,9.05,7.3,0.0,8.04,16.0,6.6,7.3,6.1,1.87,57.51
6.05,117.2,1.12,4.6,52.9,6.99,7.5,6.7,9.1,1.6,1.98,36.34
7.92,208.6,6.36,3.3,43.8,6.42,5.7,5.3,0.9,5.2,2.54,64.53
7.17,92.8,1.46,4.3,67.4,3.88,10.8,5.5,7.5,1.1,2.87,21.67
8.74,0.0,7.9,5.9,47.8,7.52,6.6,5.3,2.7,7.6,2.28,40.8
5.74,243.7,5.76,6.6,40.1,4.11,3.4,5.9,6.0,1.0,2.53,62.7
6.41,290.4,7.05,1.2,18.9,5.75,13.1,7.5,5.2,15.6,0.22,48.57
6.29,0.0,3.84,5.5,47.2,9.62,12.9,6.6,7.7,8.4,3.5,21.21
4.37,99.0,9.2,5.8,67.1,4.35,8.6,6.9,6.6,12.9,2.77,54.66
7.53,261.9,8.6,4.9,10.7,2.07,2.9,6.9,9.4,5.4,4.0,53.91
7.47,405.7,7.46,8.1,47.6,3.37,3.1,7.6,4.5,4.8,2.5,65.57
7.01,202.1,5.68,6.3,52.0,8.49,8.4,6.5,7.8,1.0,0.0,44.44
6.58,127.2,7.45,8.1,23.5,6.64,6.0,6.6,6.4,7.4,1.96,65.07
4.45,181.7,4.23,5.1,27.4,5.68,6.6,8.1,1.9,7.2,2.2,51.47
6.24,337.5,8.14,7.4,51.9,4.73,12.1,4.8,3.7,6.3,3.61,69.7
6.38,135.4,10.12,8.8,11.0,7.21,10.9,4.5,5.6,13.5,0.0,69.19
5.56,120.1,8.68,8.1,55.5,3.88,13.5,3.9,8.8,17.9,2.56,51.46
6.71,151.7,4.18,3.3,18.1,6.76,4.0,6.3,7.2,13.9,3.27,38.66
7.73,104.7,6.9,5.0,76.9,4.17,6.6,2.7,3.1,1.6,1.51,53.26
10.4,212.3,2.77,4.8,115.1,3.76,11.0,6.8,5.6,9.7,2.61,15.98
7.31,362.5,7.43,6.5,19.2,4.41,9.8,5.8,11.0,0.8,1.56,56.17
7.46,232.3,7.13,6.9,61.0,5.06,14.1,8.0,6.3,11.9,1.41,60.97
6.87,174.8,1.33,3.8,23.2,5.88,9.7,4.8,5.2,4.8,1.89,34.84
3.55,170.8,3.1,5.6,76.2,6.59,15.4,5.6,7.2,1.4,1.43,49.25
6.95,43.7,5.29,1.5,7.0,0.0,10.2,8.0,7.9,19.8,3.53,0.0
7.11,288.3,5.25,8.4,59.4,3.98,12.2,8.5,4.9,9.5,1.4,34.74
11.43,192.2,2.98,4.5,18.8,5.02,6.7,4.8,7.3,4.4,1.15,47.48
6.65,182.0,6.97,5.6,38.8,9.76,8.1,6.3,5.2,0.3,5.15,56.36
7.54,519.3,6.63,4.9,14.1,3.3,11.6,6.5,7.8,7.7,3.94,74.09
6.94,229.9,5.51,7.8,69.7,6.41,14.5,6.7,6.4,25.7,0.0,49.82
4.9,124.8,4.11,1.0,19.9,9.74,10.9,5.5,7.2,9.1,1.35,37.51
9.06,157.4,8.62,5.5,61.6,2.72,7.7,8.3,4.1,35.6,2.86,23.72
8.35,314.8,10.14,5.3,34.7,6.98,13.5,2.6,3.9,1.5,2.99,84.32
8.42,211.3,4.79,4.6,41.6,3.99,0.0,5.2,8.4,8.4,0.26,60.77
5.36,56.2,4.47,9.0,49.4,4.74,2.3,6.8,5.8,16.0,4.24,40.66
9.53,291.9,7.23,3.7,22.1,3.99,10.7,6.8,6.7,7.5,3.74,43.65
4.48,133.2,5.1,7.0,51.3,4.17,8.1,8.4,5.2,1.0,3.22,47.36
8.06,387.3,5.65,6.2,90.9,12.8,10.4,8.2,8.2,8.7,4.54,45.99
10.94,308.0,7.85,8.0,21.7,8.11,8.3,5.5,4.5,9.5,3.18,75.16
5.22,155.3,1.23,4.2,80.2,8.75,10.3,8.3,5.7,13.0,3.17,31.55
5.98,328.1,9.3,4.0,89.9,7.23,4.7,4.7,8.0,14.3,4.84,55.25
7.18,206.8,6.18,7.7,20.5,1.98,10.3,7.7,8.9,14.7,4.15,41.89
6.09,285.3,4.97,6.4,1.3,6.99,12.0,9.3,4.7,10.9,1.24,68.63
4.21,248.5,5.78,2.4,54.1,8.68,12.9,8.2,10.9,2.4,3.45,44.19
7.12,115.4,5.91,4.4,28.6,3.87,16.1,6.2,6.8,5.2,1.5,36.05
5.09,135.6,1.67,6.3,101.1,8.41,9.0,5.4,3.4,15.0,3.26,29.5
7.85,303.0,9.74,7.2,46.0,7.76,9.1,3.2,6.9,30.7,3.21,71.91
5.35,166.5,6.1,4.1,20.9,10.63,1.9,6.6,5.0,0.8,0.42,70.58
9.79,159.6,7.11,1.0,10.6,4.96,5.9,4.0,7.1,7.7,2.32,22.94
5.59,104.5,8.38,6.5,77.7,3.26,7.2,4.6,5.9,3.7,2.9,52.7
6.42,242.4,3.45,3.1,27.9,5.1,12.2,3.9,6.2,2.6,1.85,46.57
8.46,406.3,7.18,1.5,46.3,9.59,5.6,5.2,3.7,7.0,2.97,57.16
4.78,93.2,5.33,1.0,73.7,1.43,11.2,5.9,8.5,9.3,3.71,8.87
7.41,202.4,8.12,7.1,30.5,0.83,8.0,6.5,3.1,0.1,2.45,56.2
9.35,341.2,0.68,5.8,43.6,6.22,7.3,4.9,3.2,15.2,2.84,63.42
4.11,192.0,5.75,5.0,44.5,4.89,9.0,7.9,6.9,17.1,4.58,38.99
7.33,245.2,4.49,8.3,65.5,6.02,6.4,5.6,10.0,33.7,3.21,55.35
7.47,93.8,7.08,6.8,62.7,8.36,6.3,4.6,5.1,2.0,2.8,49.83
8.41,242.8,7.18,8.7,38.4,4.62,1.2,6.4,7.8,9.0,1.06,71.89
4.77,181.3,4.23,2.7,46.9,1.32,7.0,9.5,8.7,5.6,3.51,23.51
4.62,298.6,4.22,5.4,33.8,11.11,6.1,6.6,8.0,4.1,3.0,67.56
7.94,318.7,5.72,2.3,0.7,3.51,5.9,5.3,5.2,8.3,4.43,53.67
7.53,459.0,3.76,5.0,52.7,3.35,9.7,3.3,3.3,15.3,2.57,70.47
7.45,258.0,8.1,5.0,101.8,8.76,10.6,5.6,0.5,0.2,0.0,42.41
7.62,232.6,5.08,6.8,18.5,5.04,8.9,6.4,5.3,34.9,0.0,44.11
5.78,219.4,0.0,5.6,21.8,5.84,12.0,5.3,8.9,16.6,3.6,46.1
7.42,164.7,5.06,6.7,18.9,7.21,10.3,3.0,3.2,13.9,1.64,50.55
7.53,233.8,3.4,6.9,66.7,8.71,6.8,4.5,7.8,14.3,3.16,49.22
5.71,170.5,1.92,9.8,58.5,5.17,6.1,8.6,3.6,4.9,2.67,49.86
10.36,216.8,2.91,4.9,40.2,9.8,9.3,8.6,6.3,13.9,2.25,28.58
7.85,331.8,6.27,3.6,17.5,0.66,10.3,4.4,7.8,4.9,2.36,47.32
4.86,99.3,9.32,6.0,47.8,7.9,13.6,7.2,4.4,22.9,1.2,49.65
8.18,314.0,6.78,3.9,0.0,3.9,12.8,3.9,6.4,2.0,2.48,70.32
5.25,331.7,4.48,8.5,49.3,9.43,5.8,8.5,5.0,3.5,1.62,62.53
8.42,188.2,7.14,4.9,71.1,6.36,7.6,6.4,7.8,8.0,1.94,36.47
9.09,0.0,4.85,4.4,7.5,4.32,10.7,7.7,6.6,3.8,2.01,25.52
5.52,139.2,4.26,4.6,0.0,7.66,12.3,2.9,6.1,5.5,2.16,45.32
8.73,329.7,3.11,6.9,92.4,8.23,11.8,7.2,9.9,6.8,3.88,40.54
7.74,197.7,1.62,5.2,26.6,7.6,7.7,6.0,7.7,19.4,2.31,48.92
8.48,100.1,5.03,4.2,79.1,3.43,3.0,7.5,4.3,7.4,4.04,34.13
10.41,149.5,6.4,8.8,40.4,4.79,4.0,7.6,5.8,4.5,4.81,43.7
6.56,284.1,5.76,3.8,40.1,5.99,9.1,6.1,5.8,2.8,3.78,40.89
5.64,254.7,4.96,5.6,58.2,5.9,9.4,4.9,6.2,5.3,3.3,54.48
5.4,176.1,3.64,6.8,18.5,7.87,3.6,7.4,12.3,7.3,2.99,59.45
5.53,163.3,7.52,2.2,49.0,0.96,8.2,5.9,6.9,13.7,3.8,32.36
6.86,160.8,2.71,6.5,33.6,6.84,10.5,4.4,0.9,1.3,2.63,60.72
7.61,107.8,7.94,3.4,5.4,5.28,3.4,4.3,4.6,2.5,3.98,64.45
7.5,361.5,3.49,7.1,55.1,3.9,12.4,3.3,1.2,4.8,3.42,62.17
8.49,167.8,4.12,3.6,37.1,4.14,6.5,5.1,5.2,4.5,1.96,40.29
7.02,321.7,2.33,6.9,40.3,5.46,13.0,8.0,1.0,5.0,3.84,62.99
9.62,352.1,4.75,7.7,8.7,0.0,5.9,6.3,3.8,15.8,2.64,59.11
6.52,299.8,8.44,7.2,92.7,4.25,3.9,5.0,2.2,3.9,2.34,59.42
11.9,156.8,7.29,6.0,71.3,3.81,6.2,7.4,7.0,7.0,1.79,31.09
8.13,240.4,8.45,5.0,73.9,7.33,7.6,4.5,6.0,9.8,2.75,46.99
5.46,197.6,7.31,4.3,35.8,3.99,6.4,6.2,6.8,2.6,3.99,52.68
5.07,109.6,3.24,8.4,0.0,5.46,7.1,5.7,5.7,12.7,3.83,55.54
7.87,232.4,5.17,4.1,103.6,9.86,9.3,7.4,2.5,7.9,3.03,37.98
6.6,82.1,4.05,3.4,43.2,8.49,7.3,3.2,7.3,5.9,3.4,39.54
8.29,318.8,9.33,6.8,22.5,8.26,7.7,4.5,10.8,16.6,4.41,53.28
7.85,153.5,3.01,3.9,57.5,4.75,1.2,3.1,7.0,2.8,2.28,52.33
6.87,220.1,8.23,3.6,80.0,7.36,9.6,5.5,4.9,21.5,0.83,45.27
5.48,228.3,8.23,2.6,44.3,5.42,7.6,8.2,2.4,8.2,4.45,46.28
4.27,174.1,10.57,4.5,83.4,5.51,14.4,5.1,3.7,9.4,1.71,48.11
6.2,258.7,4.98,5.3,77.5,7.02,4.2,5.1,7.1,20.8,1.46,47.09
8.54,152.5,7.78,6.0,12.7,4.51,0.8,7.6,8.7,17.0,0.0,58.27
7.39,287.1,11.7,7.4,24.8,9.73,10.5,7.9,6.7,9.2,3.36,77.36
4.76,65.4,4.46,6.6,73.7,5.6,9.4,5.8,8.0,14.0,0.07,42.29
7.31,212.6,2.16,5.1,0.0,7.55,4.0,7.2,7.8,5.7,1.37,58.26
7.69,393.9,1.3,5.1,40.5,9.64,1.9,4.1,7.3,7.9,3.38,65.85
5.41,100.0,7.78,6.5,2.1,8.58,14.1,8.5,4.4,0.6,3.58,44.43
7.28,132.2,1.29,8.0,30.7,2.48,13.7,9.9,6.4,0.9,1.52,38.77
7.1,251.4,5.07,5.8,36.0,7.11,0.0,6.9,3.9,17.7,2.3,67.07
4.94,218.0,7.09,4.6,34.3,8.13,6.2,2.2,6.0,0.6,1.19,81.54
7.64,235.1,6.46,3.5,28.4,8.23,14.7,5.0,6.8,1.9,1.68,49.09
8.01,248.9,7.06,2.6,12.1,3.22,6.1,7.1,10.2,15.9,2.9,43.27
8.95,263.5,6.56,6.8,113.8,4.36,6.0,5.2,2.7,0.0,1.75,61.17
8.9,311.0,9.2,6.7,101.0,8.49,6.9,8.3,7.2,3.3,2.13,61.5
4.52,241.0,3.62,6.7,10.1,4.1,3.5,7.1,9.7,8.8,0.3,71.12
5.31,175.9,4.31,5.2,92.5,5.25,1.2,4.7,7.9,9.0,4.2,48.13
7.93,267.3,4.07,8.3,33.0,9.94,12.2,6.1,8.1,15.0,3.27,47.33
7.92,390.0,8.08,4.5,48.9,5.88,0.6,4.4,7.5,7.1,3.69,71.54
7.93,186.7,8.25,7.4,43.1,4.18,9.0,5.7,9.2,7.1,4.44,52.24
12.0,102.5,7.13,5.4,25.2,3.81,11.5,5.0,3.3,12.9,1.26,49.58
8.03,310.7,8.96,4.3,74.5,6.83,2.2,8.1,2.5,6.9,1.96,63.82
9.04,188.0,3.05,6.7,48.8,2.67,4.3,9.8,6.0,9.4,0.0,35.32
8.72,0.0,10.17,6.3,30.7,5.38,12.9,3.4,0.6,22.8,7.21,65.12
8.17,284.7,9.81,6.2,5.9,6.83,10.1,2.5,9.1,5.1,2.28,65.51
6.43,146.5,7.84,5.7,18.2,9.25,5.5,5.6,9.1,4.9,4.06,61.62
8.37,190.9,10.45,5.4,0.0,7.67,12.8,3.3,4.9,0.0,0.64,70.89
5.61,233.2,1.86,10.0,45.4,4.21,12.8,6.1,5.1,9.5,3.99,41.63
6.57,219.0,4.69,7.9,9.1,8.95,9.1,7.3,5.8,0.3,5.29,60.75
6.13,270.9,4.16,6.9,37.0,5.25,4.4,8.7,6.1,7.0,2.41,43.1
7.15,156.5,7.8,5.7,86.1,2.91,6.3,6.4,6.3,16.3,0.98,38.3
11.17,251.3,3.37,7.5,81.0,5.57,9.1,5.7,7.4,8.0,2.29,43.61
3.64,174.0,7.89,6.5,44.0,9.6,7.2,2.4,5.6,3.1,0.0,93.68
8.24,273.9,9.43,5.6,42.4,6.41,11.8,6.0,8.4,15.4,2.44,41.14
4.1,261.5,7.74,4.9,101.4,6.03,1.9,6.1,7.1,3.1,3.73,64.7
6.15,106.5,6.71,5.3,60.6,10.09,2.0,7.2,4.5,13.2,2.45,49.81
8.96,308.6,3.53,1.0,35.2,2.42,8.7,4.7,9.3,9.4,2.07,40.08
7.12,146.4,3.88,5.9,2.2,2.79,6.0,5.2,2.6,1.9,3.29,54.51
5.06,280.8,9.12,4.5,56.8,1.96,5.5,3.3,5.8,23.6,3.41,52.06
5.71,236.7,7.95,8.7,69.9,6.93,0.9,1.9,8.4,2.2,0.01,81.48
8.22,383.8,5.9,5.5,26.1,6.42,8.1,4.0,4.2,45.6,2.63,55.6
5.69,177.7,4.96,3.1,53.7,9.86,7.8,3.2,6.8,0.1,6.15,55.96
7.39,165.1,0.94,5.4,34.1,6.61,10.6,6.6,7.4,3.1,0.5,51.06
7.08,198.1,3.32,3.4,39.5,4.99,8.3,5.1,3.8,2.2,2.37,40.72
5.83,169.7,10.78,6.4,0.0,6.0,7.5,5.0,5.8,0.1,5.41,78.06
10.86,280.0,2.8,6.1,38.3,6.29,12.7,4.2,5.6,13.2,4.16,37.31
8.14,38.4,6.47,7.4,74.1,1.82,2.8,1.0,4.6,11.8,1.73,62.71
3.35,94.6,8.52,3.9,26.1,12.78,10.1,8.7,11.8,15.7,2.81,51.29
7.34,93.2,2.86,5.6,46.6,7.3,1.3,4.2,4.1,3.0,2.5,44.49
5.81,295.0,6.46,2.8,22.3,6.53,4.6,5.3,8.5,5.9,1.38,58.28
8.53,371.1,8.34,6.9,55.8,7.54,3.1,3.4,5.0,10.8,2.39,84.38
5.57,189.6,6.03,6.5,38.5,7.77,11.1,7.7,3.3,5.8,2.08,32.86
6.79,183.1,13.17,6.5,16.8,5.65,7.7,6.3,6.3,12.0,2.67,74.66
7.91,207.0,1.83,5.5,85.0,4.42,7.9,4.5,7.6,10.1,1.38,41.57
8.56,316.2,8.65,6.3,72.9,7.5,3.6,5.3,8.3,1.2,0.59,72.41
4.84,107.3,5.57,8.7,26.9,6.96,6.8,9.0,9.9,15.2,2.44,46.53
6.4,223.8,7.93,4.9,59.9,3.98,4.9,5.9,13.4,12.8,5.07,30.47
6.15,297.5,7.1,5.8,61.1,9.55,9.5,5.7,6.6,10.7,2.62,63.13
5.82,250.1,4.17,3.3,64.3,6.73,4.0,4.3,4.3,1.7,2.0,55.59
10.18,219.0,6.57,3.8,0.0,7.82,13.3,2.6,7.1,3.1,3.63,60.49
7.73,300.1,1.36,5.7,75.2,9.48,1.3,5.7,5.3,5.0,2.26,64.3
4.73,0.0,7.51,7.7,27.9,6.05,4.8,6.6,8.3,3.3,5.3,58.33
8.65,267.8,6.75,5.0,34.3,6.79,14.7,8.0,2.8,2.6,2.49,60.53
10.82,134.6,7.6,5.0,124.1,8.03,6.3,2.0,11.9,16.4,3.55,43.94
8.86,16.9,8.65,4.7,54.1,4.19,2.7,4.0,8.1,10.2,1.37,40.48
4.27,251.1,6.92,4.4,33.4,6.14,8.9,5.0,1.8,8.3,3.25,64.66
6.13,337.4,6.37,6.1,0.0,6.31,6.1,6.0,4.2,2.6,2.91,80.52
9.28,186.3,3.8,2.5,86.7,3.61,4.7,5.7,8.0,25.0,2.42,29.2
5.73,295.3,4.22,8.1,4.6,11.79,3.6,5.8,8.9,2.1,1.75,72.43
7.8,361.2,8.97,4.2,14.9,2.48,19.1,6.7,2.8,15.8,1.54,52.86
8.39,331.5,9.59,6.9,35.1,2.75,7.0,4.4,7.8,34.0,2.92,74.17
5.33,364.0,5.4,3.0,87.5,9.29,0.3,7.7,1.1,13.0,3.44,56.11
6.89,274.2,6.12,6.8,68.2,7.78,14.0,6.8,5.8,49.4,2.31,49.71
1.17,207.5,3.74,6.8,40.3,3.44,10.4,5.4,8.8,10.5,2.93,77.59
5.16,39.8,8.93,6.3,54.2,7.52,4.9,8.9,4.6,2.5,2.44,53.76
6.55,175.4,7.66,3.5,27.0,9.67,4.3,8.8,2.2,2.3,2.65,45.96
4.75,115.7,10.85,6.0,49.2,5.92,10.7,7.7,6.4,3.9,2.2,45.45
9.94,417.1,3.8,3.1,47.2,12.5,7.0,1.0,4.5,0.1,2.53,79.64
4.43,182.4,5.05,5.0,74.1,1.69,0.3,8.8,7.6,11.4,6.55,24.65
6.21,212.3,6.58,7.6,74.0,7.73,15.1,7.4,3.8,3.1,2.97,46.96
7.24,255.1,7.62,7.1,59.8,8.92,6.3,9.6,4.1,16.9,3.47,50.96
9.59,204.4,5.46,5.5,34.1,8.23,14.0,8.2,0.9,4.4,3.16,56.72
4.42,369.5,3.82,3.6,67.3,5.49,13.1,8.8,6.4,6.5,2.11,45.18
9.09,137.7,8.2,6.8,42.2,5.27,4.0,7.6,5.6,33.7,4.44,46.25
7.02,219.5,7.8,5.5,12.5,7.11,12.1,8.4,3.0,2.8,2.06,63.34
5.23,125.8,3.71,1.0,32.9,8.04,5.4,9.6,6.5,12.8,4.08,15.37
7.83,68.0,9.39,7.1,47.5,7.51,0.5,6.4,8.6,14.1,2.0,53.74
7.36,138.8,8.93,5.5,72.3,8.6,6.3,3.2,5.5,2.5,1.06,79.47
5.92,196.3,6.34,7.9,39.5,3.45,9.6,5.4,6.7,7.0,3.05,56.01
7.13,157.1,6.2,3.3,8.7,5.43,6.1,6.7,6.7,4.3,0.84,55.8
6.31,130.8,7.39,1.0,46.7,3.65,6.8,6.1,3.0,14.8,3.3,37.16
7.2,59.4,3.85,6.1,48.4,5.03,12.6,3.8,11.1,9.7,0.71,29.3
8.19,191.7,6.08,6.1,50.6,8.54,8.4,3.1,4.8,6.5,2.02,64.14
9.85,49.5,0.62,2.1,72.6,6.27,4.6,4.7,7.6,15.1,0.35,23.33
4.77,276.0,8.19,3.5,75.6,12.52,10.8,7.5,7.9,2.7,6.74,50.07
10.84,208.2,2.1,10.0,27.2,6.48,8.8,8.8,5.7,14.0,0.02,45.51
3.49,54.2,9.76,4.9,26.5,6.15,0.0,7.6,7.5,20.1,2.51,50.4
6.73,169.1,5.17,7.0,13.8,6.27,9.7,7.9,6.6,21.1,4.21,41.95
8.06,124.8,5.47,4.2,66.0,4.41,9.6,5.9,2.5,15.3,4.05,31.54
7.51,231.9,4.43,1.3,88.5,5.86,8.1,2.9,5.2,5.2,3.78,46.72
5.88,334.0,5.28,5.2,35.5,8.82,11.6,5.2,4.5,40.1,2.02,71.86
6.63,12.5,9.55,5.0,37.8,6.28,5.3,5.5,4.8,4.8,4.53,57.63
6.11,211.5,0.0,4.7,89.0,4.02,9.3,5.1,2.7,10.2,3.87,41.21
5.94,184.0,9.19,5.3,60.2,3.69,1.7,6.1,8.8,1.8,2.82,47.42
8.53,267.1,6.85,6.0,58.1,4.87,9.6,6.8,10.0,39.3,2.86,35.14
7.64,221.3,2.98,5.2,9.3,6.18,15.8,7.5,8.4,12.2,2.04,40.45
5.75,124.8,3.31,3.0,65.4,8.98,4.0,5.5,9.2,14.0,1.14,33.22
8.62,168.1,10.19,6.5,17.1,2.65,5.0,2.6,5.1,0.7,4.36,74.99
7.55,120.4,3.64,1.6,11.0,5.2,5.2,5.1,4.4,14.4,4.47,40.62
8.46,307.6,3.12,1.4,34.6,6.36,8.5,6.1,4.1,14.9,1.17,42.94
8.13,202.1,8.84,7.0,27.4,1.42,3.7,8.2,7.6,11.1,2.27,56.64
5.51,390.1,6.85,6.5,38.4,3.92,9.7,5.0,6.6,3.5,2.28,65.75
5.99,193.9,3.66,5.4,1.8,4.3,11.4,6.9,5.8,6.7,2.45,56.2
8.35,129.2,6.54,2.7,73.8,4.01,10.1,6.5,9.2,1.2,2.6,19.34
8.1,48.6,3.44,4.1,78.8,6.48,0.9,6.1,7.0,6.4,3.92,24.31
6.96,19.7,8.75,5.0,0.0,5.6,12.0,7.7,3.9,2.8,1.38,51.8
7.21,41.6,8.65,2.3,74.4,4.61,11.7,4.8,4.3,4.3,1.23,40.5
9.3,226.7,7.33,4.0,20.7,7.07,11.3,5.0,7.7,1.8,4.35,53.48
5.94,250.9,6.9,6.8,70.7,10.31,9.5,6.0,8.6,2.6,1.81,59.76
7.98,41.9,10.4,8.4,42.9,10.1,8.9,4.8,7.4,0.8,0.61,67.48
6.64,289.5,6.0,4.7,45.9,1.19,12.1,6.9,10.7,25.2,1.77,36.1
6.61,151.7,3.05,7.0,39.4,7.44,15.7,4.7,10.1,7.6,2.0,37.97
8.98,214.7,7.12,1.7,81.4,5.55,4.2,6.4,7.1,5.1,4.83,20.89
8.49,361.2,11.22,6.8,7.8,6.39,12.3,5.8,3.9,7.7,3.89,74.5
8.46,289.7,3.46,3.9,63.2,5.0,7.7,6.4,2.7,9.9,4.22,40.35
9.35,173.1,5.1,6.1,78.0,6.29,7.5,5.2,5.0,25.5,3.73,39.48
7.04,110.9,7.04,5.0,66.5,6.38,1.9,5.4,7.9,2.0,3.92,52.13
8.23,0.0,5.87,8.1,114.7,4.55,6.9,6.2,10.6,3.5,1.47,30.62
6.44,128.1,3.54,3.8,29.1,3.76,4.0,6.4,7.0,37.2,2.2,37.4
7.58,178.9,8.8,6.8,73.7,4.88,6.1,6.0,8.9,4.6,1.02,50.2
6.77,101.3,11.8,4.9,41.8,6.59,3.6,9.1,5.4,0.2,2.18,62.97
7.17,186.9,6.49,5.2,82.0,7.5,6.2,4.2,7.6,1.6,3.53,51.51
8.07,207.7,3.74,5.1,44.8,8.13,6.4,5.9,8.1,0.3,2.7,65.09
5.53,177.5,2.13,3.8,33.4,4.76,8.4,3.2,1.1,46.0,4.47,49.02
10.77,135.0,6.64,5.5,84.2,6.71,1.5,6.7,5.0,3.3,0.79,43.73
5.19,216.9,8.76,5.4,30.3,8.41,2.2,4.0,8.4,25.7,3.25,62.64
4.81,244.2,7.19,6.0,2.6,8.91,9.4,5.5,6.7,54.9,0.63,57.18
9.08,91.0,5.99,5.7,29.5,5.85,4.8,5.3,3.0,9.2,2.64,43.29
8.42,341.1,4.53,7.1,63.6,5.45,12.3,6.5,0.0,0.3,3.61,54.24
8.12,190.1,3.27,7.3,86.8,6.48,8.9,5.0,5.1,0.9,2.18,51.7
8.13,201.9,8.09,3.4,48.3,3.13,10.4,4.9,5.8,6.6,3.33,37.51
6.98,270.8,8.28,7.2,84.5,5.52,13.6,8.6,3.8,5.2,1.06,49.06
5.38,223.3,2.14,3.1,4.3,7.86,6.8,6.5,6.4,9.3,0.0,63.21
7.14,295.3,9.97,6.7,31.7,7.6,5.7,5.0,7.3,5.8,3.34,71.98
5.78,228.7,7.44,6.7,36.3,5.32,11.5,5.5,7.7,27.2,5.12,65.95
8.76,138.8,9.5,1.7,41.6,6.54,10.0,9.0,0.1,7.7,1.01,27.08
6.74,236.2,2.64,5.7,47.5,3.94,7.3,5.6,2.7,11.8,4.33,46.24
5.51,85.6,2.59,4.6,65.7,7.76,13.6,4.8,5.2,22.7,2.57,29.56
6.42,210.9,5.63,4.0,31.7,5.81,7.2,4.8,7.4,1.6,0.5,62.4
7.74,196.7,7.26,8.2,49.2,5.31,8.1,5.0,7.2,2.6,0.8,46.55
5.99,179.2,10.49,4.2,43.6,5.1,8.1,4.9,7.2,1.1,2.52,46.21
5.52,187.1,7.77,3.9,17.2,5.84,4.3,3.7,5.0,1.5,1.89,67.38
7.44,11.8,5.39,5.7,41.6,4.88,8.3,4.0,5.2,7.2,0.53,57.52
7.44,145.1,3.43,6.9,40.7,7.65,13.6,4.5,4.2,3.9,0.0,56.87
6.09,209.3,9.08,5.2,40.0,5.01,9.8,7.1,7.9,5.5,1.23,41.51
6.15,216.0,3.59,7.8,46.0,9.98,8.1,5.3,3.7,40.4,2.79,49.05
7.42,97.2,10.07,6.6,47.3,9.66,7.4,5.6,8.1,1.7,2.49,68.77
4.39,326.6,5.29,1.1,32.0,3.77,9.3,8.3,6.5,7.8,1.75,37.06
4.47,113.4,9.98,4.4,83.2,6.17,11.0,8.3,5.9,1.0,2.8,32.46
5.71,296.9,7.7,4.4,9.9,4.37,10.4,5.5,4.4,3.8,4.06,73.5
6.62,242.7,5.66,6.5,23.4,5.18,6.7,4.9,2.6,7.5,3.09,72.47
7.56,135.4,4.7,1.0,128.4,11.01,9.3,4.4,4.4,29.3,2.32,30.58
9.66,377.5,5.15,10.0,13.9,5.23,9.9,7.2,5.2,5.0,3.89,62.86
8.54,80.6,7.07,6.6,4.4,6.9,4.0,5.6,0.1,0.7,1.06,60.02
6.71,291.9,6.19,5.8,67.0,7.35,8.7,5.3,5.5,4.9,2.16,59.14
6.97,300.1,4.52,7.9,0.0,3.5,0.0,4.5,8.3,1.6,2.2,85.05
5.2,132.9,5.59,10.0,37.9,3.86,9.9,4.6,7.4,2.6,0.64,69.03
6.97,339.2,6.2,7.2,109.4,2.98,10.6,6.6,4.8,9.6,1.87,58.78
6.48,175.0,0.68,7.4,0.0,3.79,11.0,3.6,6.1,0.7,0.0,54.09
7.58,228.9,7.15,5.8,0.0,0.0,6.4,7.8,4.6,6.2,5.37,55.87
5.51,226.0,3.55,5.2,0.0,7.36,9.2,5.0,6.4,9.4,1.09,56.52
7.93,186.6,3.12,4.5,72.0,11.14,13.7,5.7,9.9,5.5,4.88,38.72
9.76,281.1,1.78,3.8,78.7,6.37,13.7,3.6,8.4,0.2,2.56,36.7
6.8,279.3,1.52,4.1,29.6,2.46,7.9,6.0,7.3,42.3,3.35,29.35
7.72,25.1,2.61,2.8,65.5,4.39,8.6,5.4,4.8,4.6,1.77,19.52
8.24,330.4,4.23,5.3,86.7,4.85,12.4,5.9,7.9,15.1,2.81,28.46
6.28,33.8,10.88,2.1,98.6,3.46,2.0,8.6,1.8,3.9,3.48,27.42
7.4,303.3,4.69,5.9,37.6,8.15,6.7,6.3,5.4,6.4,3.5,52.55
7.02,312.7,6.44,5.4,0.0,8.03,13.3,4.6,7.5,4.9,3.66,73.71
7.18,90.9,7.0,5.8,20.4,3.11,11.9,4.7,7.9,4.2,1.95,51.59
5.61,158.9,6.33,4.5,32.2,7.81,9.5,7.1,7.7,0.2,1.78,60.61
7.04,89.4,5.81,10.0,37.2,9.82,2.0,8.3,6.7,4.5,0.11,65.93
7.9,178.5,3.01,8.2,39.4,10.76,7.8,6.5,5.5,22.0,3.28,55.03
9.61,169.2,9.63,3.0,78.6,13.16,5.6,7.2,7.3,11.7,4.12,47.19
8.73,278.0,10.52,6.0,83.2,3.75,9.3,7.1,3.6,1.6,4.92,44.18
10.88,331.0,1.79,4.3,39.8,13.06,4.8,8.6,3.9,8.9,2.96,36.69
5.62,339.6,3.44,3.5,78.0,5.11,3.9,2.5,6.2,22.3,1.35,61.53
8.57,143.8,5.3,2.8,55.7,4.52,0.0,7.2,6.4,12.0,0.0,28.35
7.33,179.1,3.59,6.4,46.9,6.82,12.9,7.8,1.4,1.6,4.06,60.24
10.94,31.7,7.26,4.1,72.2,4.54,6.4,3.6,7.1,20.2,0.0,48.01
5.55,119.4,4.18,7.4,47.2,7.0,8.6,4.4,7.9,3.6,1.99,71.31
5.49,296.5,11.41,7.5,106.7,2.7,8.0,4.5,5.8,6.1,2.16,67.2
5.92,361.6,8.98,8.2,1.8,5.4,3.7,4.7,11.9,7.5,2.4,91.69
3.18,76.6,6.53,3.8,29.5,9.21,3.0,5.1,4.3,19.0,2.55,57.91
6.05,140.8,8.57,6.5,41.2,5.86,4.0,6.4,5.1,26.8,2.71,59.6
5.63,197.4,8.76,6.8,58.2,6.35,5.1,7.6,5.0,26.5,0.0,48.14
7.27,228.0,4.59,4.6,83.0,7.19,9.5,7.9,5.8,0.1,2.52,18.69
7.62,119.0,3.96,4.0,44.3,8.93,4.8,4.5,5.2,25.5,0.0,41.6
10.38,242.4,6.2,8.7,2.3,1.86,15.0,4.5,2.5,0.6,3.6,56.2
8.71,152.6,8.15,6.0,70.3,7.46,12.1,8.4,4.6,3.1,1.67,49.25
5.96,198.6,6.35,6.8,67.6,5.33,11.2,7.2,5.8,7.2,0.0,61.91
5.38,254.6,2.06,3.9,0.0,6.42,7.5,6.1,9.1,6.5,1.28,45.97
7.89,200.6,3.99,3.1,44.9,8.65,14.1,6.9,11.5,9.3,1.64,38.39
4.62,156.4,5.82,4.4,0.0,3.01,7.1,5.9,9.3,6.5,4.29,58.76
10.3,189.0,5.81,5.3,25.1,3.47,7.9,6.9,4.1,27.2,2.79,28.12
9.12,191.2,10.93,3.4,17.9,1.16,8.7,5.4,4.3,2.8,3.02,46.58
6.16,163.0,2.54,5.5,69.3,4.63,10.8,6.5,5.6,3.2,4.27,30.17
3.92,174.1,7.26,2.1,48.5,9.33,10.5,3.3,10.5,25.3,2.36,55.53
9.44,359.9,9.72,3.3,6.4,5.7,6.1,4.8,5.6,0.8,3.63,60.46
6.79,256.1,11.68,6.8,71.4,2.65,5.9,4.8,2.7,9.4,3.53,64.68
9.23,170.5,4.99,6.7,2.0,4.79,10.6,5.3,4.7,11.4,0.57,52.43
4.13,269.7,7.23,4.7,54.9,2.28,10.9,4.3,7.9,7.0,4.71,58.52
5.92,166.6,7.42,3.5,20.6,3.19,6.4,5.0,7.7,11.8,0.37,49.28
7.01,317.3,6.49,3.4,34.0,6.97,1.7,3.3,5.5,1.9,3.88,66.36
7.08,237.0,5.75,4.8,60.1,3.07,7.2,7.0,7.7,19.1,0.22,38.29
6.19,189.3,7.09,6.8,60.6,8.78,10.5,5.9,0.3,1.5,3.4,76.55
8.12,244.8,0.0,7.4,85.1,5.82,15.2,2.9,6.3,5.1,5.29,42.35
5.08,42.9,7.71,4.5,42.5,6.21,3.2,4.5,8.2,0.8,2.18,47.1
6.74,87.3,6.32,3.2,54.2,5.3,6.3,6.6,3.9,7.9,2.12,39.21
7.22,80.6,5.44,6.0,31.9,7.93,6.4,5.0,3.9,11.1,3.42,50.16
7.93,214.3,11.12,3.9,50.5,7.96,13.4,4.7,1.3,28.3,2.01,43.64
8.28,373.3,4.31,4.5,58.2,6.84,7.9,5.9,10.0,13.4,5.23,61.06
4.98,423.1,4.99,8.2,42.1,7.41,4.4,6.6,4.2,7.8,2.79,78.75
4.24,263.8,10.98,7.2,0.0,5.47,10.2,3.4,6.6,27.0,2.02,83.28
9.3,250.1,3.92,5.8,54.9,7.36,6.4,7.0,7.5,6.5,1.69,46.44
7.6,19.9,4.62,3.0,55.9,5.16,3.1,4.6,9.8,8.2,1.1,45.27
5.65,145.7,5.63,5.9,24.6,6.01,4.4,6.0,5.6,9.1,1.56,45.42
9.79,121.2,8.1,7.6,6.5,5.31,14.9,5.9,4.7,5.3,1.97,57.29
7.21,137.9,6.52,4.7,89.3,4.86,9.5,5.1,6.4,18.2,1.77,50.08
9.12,183.2,2.77,8.2,59.7,4.28,8.4,4.2,9.2,2.0,1.51,52.03
7.12,152.8,4.67,8.1,38.1,7.17,7.0,5.5,5.6,8.1,5.65,45.33
10.71,2.1,4.48,8.8,10.9,9.28,9.2,8.9,3.6,12.8,0.95,42.36
10.16,274.8,5.81,6.1,20.3,8.93,9.1,3.5,2.1,23.4,2.72,67.8
6.55,92.7,7.06,6.7,84.1,2.86,9.2,9.0,2.9,21.5,3.39,36.48
8.75,223.9,7.05,8.3,49.1,9.22,8.5,5.5,8.2,7.1,3.45,57.19
8.16,407.4,1.56,6.4,28.5,5.2,11.5,6.1,5.2,10.3,2.41,63.08
9.46,108.1,8.66,4.5,60.3,7.5,8.1,4.0,4.5,5.0,2.14,39.44
5.26,0.0,6.63,4.6,20.6,3.73,4.1,4.6,4.2,6.3,3.18,40.39
8.23,171.4,9.46,6.0,90.0,6.35,5.6,5.1,6.2,23.7,2.9,43.57
8.91,310.1,7.11,2.9,85.6,6.78,0.1,4.1,5.4,26.7,2.11,64.02
3.83,395.8,8.75,5.2,31.0,2.29,16.1,5.6,5.3,22.6,0.16,70.8
4.87,77.0,7.17,7.7,26.1,7.52,11.5,5.3,9.4,1.5,1.8,61.93
3.33,249.7,9.37,1.1,0.0,9.36,4.7,9.3,9.8,19.0,0.78,60.58
6.52,153.5,7.31,8.6,0.6,5.56,6.9,3.9,2.0,29.6,1.5,83.71
8.29,189.4,5.76,7.7,4.8,9.4,5.5,6.2,6.8,4.5,2.55,62.36
9.7,464.4,11.68,4.6,49.1,5.53,14.2,6.4,4.1,7.3,3.04,67.71
7.13,49.7,8.22,6.6,35.2,8.12,2.3,4.1,5.4,15.1,5.17,52.61
9.93,225.4,7.43,5.5,4.6,0.45,8.5,7.2,6.8,8.3,1.69,60.68
4.52,246.8,2.81,8.0,36.6,12.05,7.6,5.3,5.5,50.3,3.66,58.41
3.93,308.6,2.78,7.5,60.2,9.74,11.3,1.5,6.6,6.1,2.96,75.96
6.9,209.8,6.73,2.7,60.8,5.29,7.6,7.2,7.7,12.5,4.44,34.54
7.69,230.8,6.36,6.7,0.0,1.07,1.0,4.0,6.7,15.7,3.36,68.96
6.94,160.8,4.46,5.1,41.2,6.72,7.0,4.1,4.4,6.8,0.99,57.39
3.28,226.9,6.35,5.7,3.5,2.39,4.1,7.2,4.4,19.4,0.0,72.75
6.84,165.7,9.97,4.0,72.1,7.11,8.3,5.4,2.4,7.9,2.97,42.4
4.65,262.2,7.74,9.0,68.5,7.03,13.7,7.7,3.9,5.3,1.71,75.07
8.21,163.0,3.15,7.6,18.1,3.65,1.0,8.2,10.9,1.1,1.03,57.33
7.66,237.7,5.72,4.0,22.0,8.8,4.8,4.8,4.0,5.0,0.6,73.28
5.31,197.1,3.99,2.8,31.2,8.01,5.8,7.4,3.0,13.2,2.74,40.7
6.08,312.6,5.03,4.7,0.0,8.44,6.5,4.6,6.8,25.4,4.76,69.48
5.09,194.9,4.97,6.4,55.1,6.02,11.0,10.0,5.7,2.9,1.89,42.17
6.89,22.7,4.81,6.0,36.8,2.46,7.3,4.8,5.5,4.4,3.39,49.14
8.72,326.2,2.86,8.0,74.1,8.44,9.7,7.8,9.5,1.7,2.35,56.51
5.23,109.4,5.68,7.1,12.0,5.32,5.5,7.5,7.4,11.7,0.57,56.9
7.91,134.6,4.6,7.4,26.4,2.53,8.9,6.6,4.7,32.2,3.6,29.29
6.05,140.4,0.0,6.2,0.0,9.38,11.1,4.8,4.9,10.2,0.86,70.98
5.57,337.4,11.13,2.7,14.9,11.25,5.1,5.7,4.7,9.6,2.53,79.19
6.81,0.0,8.72,5.1,9.5,5.9,11.1,2.1,8.2,8.1,1.99,53.11
5.14,513.8,5.06,7.6,74.9,11.4,8.2,6.4,5.2,0.9,3.84,85.45
6.0,305.6,6.05,5.4,24.1,6.23,12.2,6.6,1.5,13.1,0.91,51.73
4.84,222.3,3.07,6.5,48.7,5.05,7.2,6.2,5.9,9.2,3.09,59.57
10.54,194.5,10.24,4.9,33.6,4.42,9.5,1.0,2.2,10.8,1.24,61.43
7.06,228.6,10.74,3.4,6.9,10.09,7.8,3.7,11.5,22.9,1.73,62.74
5.74,252.1,6.39,5.3,40.0,4.05,7.6,4.7,3.6,15.3,0.0,64.44
7.39,264.5,8.56,6.1,63.0,7.84,9.0,6.5,5.6,15.2,5.64,57.8
6.8,255.6,6.44,4.2,8.8,4.6,10.1,6.5,6.6,26.2,3.33,47.73
6.6,209.0,2.66,5.0,69.3,4.85,3.0,5.7,5.3,46.0,1.35,44.6
8.11,180.3,4.97,3.6,19.5,8.58,13.7,7.1,5.3,8.7,0.81,40.68
8.36,184.9,6.33,7.7,30.5,5.05,0.6,4.2,7.1,1.2,1.76,70.86
6.05,180.5,4.86,4.9,60.9,4.99,5.3,7.1,9.8,6.1,3.58,38.52
5.96,313.4,5.45,8.4,25.1,8.83,7.6,6.9,7.9,15.5,0.0,70.63
6.5,259.4,5.77,8.6,46.1,9.99,9.6,6.7,9.7,0.3,2.29,51.98
2.86,0.0,5.8,5.3,35.6,7.61,14.3,5.7,3.4,0.6,5.16,47.19
4.27,265.6,6.13,3.5,48.9,4.36,0.6,9.3,6.8,0.7,0.8,55.93
9.46,219.5,3.35,1.3,0.0,4.72,6.0,6.9,6.4,13.1,2.62,33.77
9.96,198.1,4.21,2.6,0.0,6.2,0.0,4.3,6.9,7.0,5.8,53.48
6.55,161.1,2.79,2.8,63.5,6.8,8.1,6.4,9.4,4.6,3.45,25.37
8.04,312.4,8.44,8.3,76.1,3.53,9.1,7.4,5.4,1.1,2.69,50.5
7.56,294.8,0.74,5.7,17.7,7.81,14.4,4.9,5.0,13.2,3.26,48.87
12.0,122.7,8.88,6.3,37.7,6.21,8.5,8.0,7.3,3.9,1.9,40.5
9.02,240.7,9.47,1.1,53.8,1.71,12.2,6.7,1.6,3.1,4.45,30.91
6.77,102.8,5.24,3.1,65.8,3.68,10.3,1.8,5.4,10.6,1.9,45.68
5.28,62.0,0.0,7.3,0.0,4.74,6.3,6.5,5.7,8.2,0.0,53.46
4.11,137.3,5.1,6.1,18.4,5.82,2.4,5.3,3.7,4.5,1.91,62.05
7.37,286.2,5.84,5.2,35.0,10.72,9.1,7.0,8.6,10.3,1.05,45.01
5.64,295.3,3.47,6.6,66.1,6.6,2.0,7.7,3.3,3.2,2.08,78.47
4.44,251.3,4.71,8.8,120.0,3.9,13.2,6.4,5.7,15.8,2.11,39.89
5.84,272.5,9.83,5.1,38.2,6.55,7.4,9.0,6.7,2.6,4.3,49.73
5.05,251.6,7.66,5.6,2.8,5.12,12.8,5.7,9.4,1.7,3.54,67.47
10.04,135.9,3.69,5.9,57.1,6.81,6.1,7.1,6.0,15.3,2.89,37.03
8.59,243.2,2.01,10.0,84.6,7.45,9.1,7.4,8.3,12.3,2.5,48.09
6.99,280.0,5.18,1.3,48.2,9.02,8.8,5.8,7.8,2.0,0.91,40.78
9.66,275.4,5.47,6.9,17.8,5.94,7.8,7.4,6.3,1.2,0.0,62.5
7.14,318.9,7.24,5.3,73.7,10.1,6.3,4.9,3.3,18.2,2.67,62.98
5.45,270.8,4.66,6.6,64.9,8.27,9.6,5.2,2.4,15.0,3.69,57.69
9.74,235.1,7.28,4.2,14.2,4.23,4.3,3.6,6.3,4.0,2.34,62.99
7.97,307.0,10.84,5.4,56.4,11.52,3.2,6.4,4.6,10.7,1.7,76.95
5.13,197.3,8.04,6.9,74.9,6.82,13.0,6.6,8.3,1.3,3.2,50.7
6.66,111.8,5.88,10.0,80.5,3.91,10.9,8.1,7.9,7.1,2.38,39.41
5.42,183.7,5.54,7.1,43.0,10.13,8.3,7.4,5.5,0.2,5.03,64.13
4.51,125.5,5.11,3.8,34.3,11.19,14.7,5.5,3.1,5.0,4.35,55.95
8.67,132.5,8.95,4.7,81.8,5.92,6.9,3.9,7.3,0.8,3.94,58.08
10.44,185.5,4.43,4.6,8.7,4.74,13.3,6.8,3.5,6.4,3.64,27.91
4.48,120.8,6.11,1.9,58.2,5.57,8.7,8.0,4.1,5.5,0.56,40.31
8.01,169.2,6.13,4.8,3.9,7.79,3.9,7.4,3.6,5.9,3.49,59.76
5.83,10.6,4.75,7.0,77.0,9.19,15.4,8.0,5.7,0.5,3.06,26.01
6.12,221.3,2.57,3.0,37.3,7.43,12.0,5.6,8.9,4.5,3.41,39.73
5.93,200.1,6.81,7.6,83.1,6.25,7.5,5.2,6.0,14.1,3.24,61.59
5.44,118.3,5.85,6.5,59.7,9.75,10.9,4.7,4.9,4.6,3.18,48.9
7.09,265.9,7.25,4.0,8.3,5.22,6.4,5.9,2.2,12.6,6.55,60.4
5.5,293.8,4.67,5.2,87.7,8.58,11.3,5.9,7.4,4.6,2.39,56.05
7.49,39.2,9.05,8.7,91.5,5.28,0.0,6.4,4.0,5.5,3.9,46.75
6.91,123.7,3.81,7.0,71.5,7.08,3.9,5.8,6.3,8.3,1.79,46.63
6.57,123.1,10.28,5.5,22.2,5.72,11.9,5.8,5.1,30.1,3.69,50.53
5.37,106.0,1.63,5.0,35.8,5.86,7.0,4.6,8.1,1.2,3.91,39.59
5.96,282.9,7.09,5.7,49.4,5.06,8.8,7.7,5.6,0.3,3.05,47.71
8.36,180.6,7.19,4.5,23.9,9.36,2.6,6.1,5.9,9.4,5.0,52.57
7.9,173.5,4.01,1.3,95.8,4.17,15.4,5.7,7.2,29.8,1.17,16.88
5.24,0.0,7.06,9.6,49.3,4.15,12.8,4.7,11.3,45.8,1.77,48.64
7.18,263.5,9.2,5.8,0.0,11.3,7.2,3.6,8.2,6.6,2.82,74.54
8.35,76.1,0.46,6.3,55.2,8.44,6.4,8.4,5.8,6.3,3.82,33.64
4.0,206.0,7.26,5.4,34.6,0.04,12.1,7.0,6.0,10.4,2.77,40.46
7.98,227.7,0.0,4.0,42.8,4.59,15.9,3.1,4.7,8.1,4.43,27.5
5.81,336.1,3.59,5.1,33.9,1.47,11.8,7.4,3.6,10.1,1.51,46.02
8.03,69.1,10.07,2.3,69.2,3.62,16.7,7.7,4.6,20.7,0.79,25.93
5.63,0.0,4.55,10.0,78.6,0.0,4.3,6.2,4.1,13.7,2.96,45.65
3.75,218.4,3.07,3.0,53.5,5.66,4.7,8.9,7.6,6.9,2.38,39.17
4.07,380.1,5.51,3.4,34.8,3.15,3.2,6.4,3.3,6.2,3.31,63.81
7.09,323.9,11.17,4.6,43.8,6.15,9.8,3.4,9.3,10.2,2.46,64.01
7.47,221.0,1.42,8.1,45.6,1.94,8.7,6.7,7.9,6.1,1.99,44.09
5.37,150.8,3.37,5.5,20.9,6.21,7.4,6.4,6.1,6.1,2.39,42.68
8.15,280.7,9.74,3.0,62.4,4.96,11.2,4.9,6.0,0.2,2.54,47.89
4.01,102.6,10.64,8.0,58.8,9.75,12.9,7.0,4.6,1.9,2.04,62.41
6.88,247.6,5.74,7.0,91.2,9.53,1.9,3.0,6.7,6.7,2.2,60.41
4.82,250.5,2.9,6.6,82.7,7.96,5.6,7.8,8.7,17.3,1.89,39.91
5.83,306.0,11.24,6.9,24.4,5.18,11.3,4.4,4.2,3.3,3.78,80.89
7.09,476.0,9.99,10.0,69.6,10.96,6.1,4.2,2.2,7.4,2.79,100.0
5.45,239.2,7.7,9.9,16.5,2.12,4.8,5.8,7.8,4.2,5.89,69.37
6.31,149.1,3.97,4.1,65.9,2.49,12.1,6.8,6.8,1.1,2.74,21.92
8.81,197.4,5.88,8.7,29.5,5.79,2.8,6.3,3.2,31.8,1.67,72.54
5.96,23.1,5.6,6.3,14.3,11.64,6.8,4.7,4.2,19.3,6.51,48.64
8.5,130.5,6.83,6.5,53.4,5.49,9.3,5.1,3.9,0.8,3.12,52.58
4.97,159.1,9.63,2.1,0.0,5.54,5.7,4.0,4.2,12.7,3.99,58.85
7.95,147.6,8.2,5.2,0.0,2.4,11.1,5.6,5.2,4.3,3.39,52.49
9.59,215.2,3.31,3.9,39.7,8.36,5.7,7.9,5.3,52.7,3.43,32.62
2.55,117.8,9.44,7.2,47.5,8.38,13.6,6.0,4.4,3.6,3.3,60.27
5.57,312.1,6.78,7.6,33.9,7.97,7.5,7.5,4.1,2.7,0.85,72.64
8.04,200.0,7.72,1.4,0.0,4.43,10.7,8.6,5.4,8.4,3.05,43.17
6.63,199.1,9.67,5.5,20.5,4.23,11.0,4.9,6.4,18.0,0.51,70.96
7.67,167.2,3.22,7.7,56.7,2.77,5.5,5.7,5.2,2.1,2.24,48.37
5.91,215.5,5.91,5.1,62.5,6.21,0.0,9.9,8.9,12.4,1.41,43.98
7.16,282.5,4.67,7.0,44.5,3.3,9.4,8.6,7.3,0.6,3.04,61.47
6.72,113.3,2.08,6.2,79.7,3.06,8.3,3.0,2.0,25.1,3.0,50.5
9.1,134.2,6.87,6.2,56.9,4.94,10.2,6.7,7.3,0.8,3.22,35.14
7.46,169.6,12.28,5.0,22.6,4.78,7.1,6.0,7.5,24.6,2.93,48.38
7.61,65.4,1.4,3.1,36.6,4.66,6.3,7.5,4.9,6.7,1.59,31.85
6.26,118.1,5.92,3.3,2.9,7.17,16.0,4.7,2.3,5.9,2.11,43.77
6.12,152.4,7.6,6.9,41.8,6.2,2.1,4.5,6.0,36.2,3.88,66.78
6.22,287.4,6.31,5.5,78.4,5.28,10.9,4.8,6.0,46.4,4.1,47.17
7.71,226.3,5.72,5.2,65.6,6.46,5.7,5.0,3.2,10.5,0.78,58.57
6.24,219.4,2.75,4.7,87.1,3.52,6.7,7.5,2.4,1.4,0.2,38.62
7.52,285.1,6.58,4.9,35.9,6.26,6.7,3.9,5.8,7.1,1.41,59.81
10.74,186.3,4.11,7.6,85.4,6.38,4.8,4.9,5.4,7.5,4.07,57.81
8.57,239.0,0.53,4.8,39.2,2.24,10.3,2.8,5.0,7.2,4.32,43.04
6.41,189.7,8.99,2.8,89.1,8.49,13.6,7.8,5.8,8.4,1.11,29.67
9.16,226.5,8.4,7.0,44.3,3.8,9.9,8.3,3.2,0.2,2.96,49.71
6.27,141.7,6.13,5.1,66.2,6.23,8.4,5.4,4.9,12.4,5.25,42.61
3.33,0.0,6.57,5.6,89.3,8.91,4.1,5.5,7.3,12.5,3.12,41.07
5.19,186.6,8.69,8.7,39.2,8.31,10.1,6.8,5.1,1.2,4.63,62.29
3.63,342.3,6.56,5.5,51.6,6.09,16.6,8.7,1.8,8.4,4.0,53.17
6.37,292.6,8.26,6.1,83.7,5.09,6.5,6.7,4.8,8.4,1.13,61.94
7.03,296.5,5.26,3.1,41.0,8.37,6.5,4.7,3.3,11.5,2.22,50.78
10.02,323.6,9.28,5.1,5.4,7.69,5.8,3.1,6.7,0.9,2.55,67.26
7.59,208.9,6.8,6.7,109.3,4.45,6.0,4.0,6.8,9.8,2.66,36.13
6.61,219.7,6.49,2.4,30.9,4.01,0.0,6.1,1.9,3.3,3.87,44.43
8.49,138.2,2.82,5.9,49.8,0.82,9.6,4.8,7.9,7.1,3.11,43.04
3.02,168.4,6.72,5.7,79.7,6.39,4.6,6.4,3.2,14.8,0.0,63.71
7.42,261.6,3.92,5.6,26.7,5.79,1.6,5.0,9.9,12.2,0.53,64.33
8.39,320.4,4.4,7.6,14.8,8.84,11.0,4.1,5.9,1.3,0.0,81.27
4.34,186.1,3.96,6.2,52.6,6.9,3.7,3.9,2.9,8.9,2.76,67.68
9.06,155.0,3.33,8.5,0.0,9.34,6.6,8.8,3.1,34.8,2.86,52.55
7.61,200.1,11.31,3.5,36.4,4.26,13.9,7.6,6.9,1.7,2.92,48.33
6.25,260.1,9.33,5.8,52.4,8.85,2.4,9.1,5.0,19.2,1.06,59.03
8.14,55.6,10.8,5.7,36.9,4.68,1.9,7.0,5.8,12.1,3.51,57.65
11.09,0.0,2.94,3.4,0.0,7.94,9.1,5.2,10.0,14.9,3.57,36.2
7.33,144.9,6.18,7.4,92.8,2.35,12.6,8.4,4.3,3.3,0.62,29.37
7.45,77.9,2.77,10.0,48.1,6.59,1.7,5.9,6.1,3.4,0.3,57.21
6.17,149.2,4.26,5.5,87.9,1.04,9.6,6.4,9.5,23.6,2.5,18.61
5.47,185.2,3.7,6.5,37.2,5.33,10.3,5.9,6.7,4.5,5.19,56.72
8.49,154.7,9.1,5.7,18.6,7.1,0.0,1.0,2.0,0.7,5.05,84.59
5.46,345.2,5.01,4.1,53.1,4.7,11.2,8.9,7.3,9.2,3.35,34.83
7.13,232.7,8.67,1.9,38.5,3.37,11.5,6.9,3.1,1.3,1.41,43.98
6.14,230.0,7.51,4.1,9.7,8.12,6.8,6.6,9.5,15.9,3.83,52.45
7.86,262.2,11.76,2.7,89.1,5.74,13.0,5.9,3.9,10.3,1.82,44.96
7.6,86.1,2.3,8.9,26.3,4.78,12.5,6.3,13.4,20.8,1.35,51.06
8.87,303.9,9.15,5.3,0.0,6.1,8.4,4.9,9.7,15.4,0.0,76.29
6.08,192.4,8.87,4.8,84.8,12.59,6.2,7.1,4.0,1.2,2.65,54.65
6.51,267.0,3.57,7.3,29.9,8.88,4.1,3.6,6.1,4.8,1.56,65.21
5.24,92.8,8.52,3.3,26.8,8.91,7.8,6.3,7.9,14.9,2.64,41.36
6.2,44.6,6.84,4.0,0.0,7.09,10.3,7.0,8.0,5.4,0.0,52.45
7.68,281.8,5.43,5.6,97.2,6.42,6.7,5.6,7.1,35.9,2.75,33.27
8.36,237.6,3.94,7.6,6.3,0.01,0.0,6.7,9.1,13.3,0.0,75.29
5.34,109.8,4.2,6.5,46.8,4.3,13.1,4.2,5.7,0.2,4.13,49.21
8.57,113.0,11.12,6.0,72.4,4.8,8.8,4.3,5.1,21.2,3.28,48.15
9.44,312.5,6.0,5.7,57.7,1.31,6.5,6.4,5.1,1.1,2.08,44.64
7.74,81.1,7.96,6.3,43.2,3.11,11.4,7.2,8.1,1.5,3.34,39.98
10.38,364.3,4.02,5.9,0.0,1.05,14.1,2.6,6.9,13.3,1.03,56.16
5.61,109.9,4.05,3.4,20.7,5.9,0.0,6.9,6.7,20.0,2.61,59.58
4.76,263.8,8.7,5.6,50.6,8.05,9.7,5.0,8.0,7.7,3.69,72.86
3.8,167.1,2.63,3.4,21.4,8.77,2.3,5.7,0.9,3.4,0.0,75.79
9.69,260.3,4.96,5.7,51.1,7.04,10.0,3.6,6.8,4.3,1.83,46.49
8.18,145.6,6.09,4.5,65.5,3.59,8.5,4.5,6.5,4.2,2.47,41.93
6.9,183.7,6.28,10.0,73.9,1.17,10.5,7.7,10.2,4.0,2.21,51.11
7.5,204.1,5.55,5.4,8.2,1.61,6.0,6.1,2.2,2.8,4.69,58.46
4.97,99.8,6.99,2.7,110.9,2.83,0.5,5.3,9.9,9.4,0.81,28.44
11.4,274.1,7.73,5.2,68.0,3.78,6.2,5.8,6.2,23.1,1.57,39.85
7.23,148.7,7.84,6.5,44.9,5.6,9.6,6.9,7.2,3.7,0.0,47.97
7.2,177.1,3.54,8.8,77.7,3.46,12.1,6.8,10.2,2.1,4.77,32.66
8.31,100.6,5.29,4.3,116.0,6.85,3.3,5.9,7.4,18.2,2.13,39.38
7.87,0.0,8.99,2.3,1.8,5.42,12.1,8.0,7.0,13.5,1.84,16.15
7.4,180.9,8.24,7.1,38.2,6.03,5.4,7.7,6.6,26.7,2.42,54.13
5.58,441.3,2.57,2.7,0.0,8.85,9.4,6.7,4.8,1.8,3.45,58.52
7.85,278.5,6.88,4.6,50.8,3.05,6.0,6.1,5.9,1.6,3.02,43.34
10.39,198.1,1.05,5.0,56.0,7.05,8.7,7.2,4.2,7.8,6.47,15.4
9.42,173.7,6.12,5.4,43.8,5.97,11.6,6.6,5.9,9.5,3.18,34.9
9.87,202.2,10.74,6.9,25.4,5.17,3.1,7.9,0.2,6.5,1.8,77.47
6.08,254.7,3.63,4.1,0.0,8.21,5.3,7.6,7.1,9.1,1.66,58.77
5.22,81.9,3.91,5.0,56.2,8.2,8.7,4.2,5.7,2.0,1.91,41.33
6.77,311.4,7.91,5.5,88.7,3.63,17.6,4.0,5.2,6.5,0.25,61.71
7.1,271.5,2.14,5.8,27.3,5.54,4.5,4.7,6.5,10.7,2.56,66.24
8.97,271.8,4.42,5.7,58.2,6.7,16.2,7.8,2.4,5.7,3.68,40.0
3.95,243.8,7.49,6.4,0.0,5.32,16.0,3.2,10.8,11.4,1.58,89.42
9.75,202.0,4.41,7.2,58.7,7.46,7.6,6.7,5.7,6.0,1.29,53.95
6.72,267.3,5.41,6.3,33.2,6.7,6.8,6.7,5.6,4.1,4.77,61.39
6.23,259.2,7.86,6.4,22.1,10.58,5.2,8.1,3.6,3.6,0.36,65.77
5.18,164.6,7.05,2.3,22.2,2.17,7.7,6.3,6.1,5.3,0.0,49.95
4.02,142.6,6.67,5.6,33.2,5.69,2.4,3.6,9.5,0.2,0.77,73.93
8.48,210.2,5.15,6.5,56.5,3.73,7.7,4.3,8.6,11.0,0.19,55.08
7.13,354.9,6.93,7.0,5.6,7.51,14.0,3.9,8.1,18.7,3.08,67.6
4.68,76.1,5.69,4.1,33.1,1.96,5.6,5.0,7.4,4.4,1.96,46.02
4.67,53.2,7.14,4.2,43.8,6.87,7.0,5.7,5.1,0.5,2.17,44.29
6.4,216.5,4.76,4.4,12.0,4.42,1.2,3.9,2.4,43.3,4.23,44.41
10.0,205.1,5.54,6.6,98.9,4.16,9.5,8.6,5.5,3.1,1.46,38.36
6.53,217.3,3.53,7.6,19.4,2.38,9.1,3.6,5.4,1.4,3.66,52.21
4.29,224.4,5.91,4.7,24.9,4.84,8.3,8.4,8.6,4.6,4.77,47.82
6.56,177.7,3.97,7.3,15.7,8.71,7.1,8.1,6.8,13.4,1.82,55.18
6.51,349.0,3.21,5.7,99.0,5.94,6.8,7.6,10.0,3.5,3.61,43.85
2.15,39.9,6.65,5.3,61.6,7.57,10.0,4.8,9.0,8.5,2.14,55.76
6.9,117.2,6.53,5.1,16.9,10.16,7.9,6.6,4.9,5.4,3.89,53.4
6.58,189.7,7.96,7.0,78.2,6.66,9.3,3.7,1.5,1.3,0.14,72.66
8.25,35.7,4.92,6.2,51.0,4.6,8.9,7.6,9.5,4.0,0.03,37.63
10.33,182.4,7.02,10.0,52.7,7.17,12.5,5.9,9.4,12.9,1.91,65.34
9.03,366.1,7.38,3.8,34.7,4.64,10.7,5.3,2.6,9.5,1.17,60.3
6.52,202.1,7.11,6.5,22.5,4.74,8.8,3.8,9.8,1.3,1.72,64.93
5.01,223.1,3.94,4.4,55.1,2.2,14.1,1.5,7.0,1.8,2.17,50.18
11.63,74.0,6.37,3.8,28.6,8.32,9.7,4.1,6.4,10.2,3.58,43.66
7.11,138.4,6.91,5.5,99.5,5.03,13.2,8.0,10.0,16.8,1.89,26.86
7.03,162.5,6.02,5.8,6.9,6.46,10.4,5.3,9.4,4.3,1.26,54.63
6.96,168.2,0.78,10.0,91.1,3.41,0.6,5.7,7.6,9.0,1.97,55.12
7.36,328.2,6.4,5.1,41.7,7.09,13.2,7.2,7.2,1.9,1.35,51.02
6.74,255.8,11.53,3.2,54.0,4.1,8.5,9.3,7.5,3.7,1.1,46.78
5.97,88.9,5.1,6.0,70.0,5.65,7.8,8.4,5.0,0.2,0.08,46.67
6.02,224.7,4.18,1.4,26.1,8.19,9.1,4.2,5.9,14.6,2.6,51.06
6.94,249.8,6.93,5.3,70.9,7.98,6.6,2.5,3.7,5.1,1.65,69.42
6.02,314.0,6.78,5.5,0.0,5.94,8.9,10.0,5.2,16.9,3.95,48.54
5.72,358.1,8.98,7.1,23.4,1.58,5.6,10.0,5.1,12.3,0.33,59.79
7.19,98.5,2.86,7.4,17.3,13.48,13.1,6.3,4.4,17.6,1.69,56.09
6.54,118.9,7.83,4.5,7.4,10.36,7.5,3.7,6.3,3.4,5.22,79.39
9.71,74.2,7.48,5.2,38.6,7.81,6.5,7.7,5.2,2.0,1.09,40.82
2.23,176.6,5.64,4.0,56.6,4.12,4.3,5.8,7.3,35.7,2.15,58.36
8.96,246.6,6.85,3.2,66.1,5.72,9.1,5.8,1.9,12.6,0.68,40.67
9.24,298.7,8.57,6.1,52.2,4.64,8.7,7.6,5.7,18.0,0.48,43.71
3.27,192.4,8.18,3.0,25.0,9.16,9.6,6.6,6.3,0.1,4.82,55.16
6.38,168.0,3.14,4.7,56.1,6.66,3.9,3.9,5.2,4.4,2.76,37.97
6.33,215.2,8.05,3.5,48.7,4.04,1.6,5.4,5.6,13.6,2.7,61.58
4.47,116.5,5.84,6.6,73.1,4.82,10.5,7.2,2.0,0.8,0.0,36.42
5.6,409.0,6.18,9.1,68.3,8.8,13.9,6.9,6.9,8.4,3.04,66.69
5.0,39.2,6.18,2.9,45.9,10.0,3.9,6.5,7.6,5.6,4.24,31.14
10.15,218.5,5.62,1.8,18.1,9.82,14.4,7.7,7.2,0.2,4.22,26.97
8.68,402.4,8.98,5.3,25.4,7.89,9.1,5.3,8.6,2.7,3.5,78.65
9.29,200.7,5.79,5.5,28.5,5.37,8.0,6.3,6.5,3.4,0.81,51.71
8.3,181.0,3.2,5.9,35.5,0.0,6.4,1.0,7.2,1.2,2.97,51.63
4.97,164.3,5.02,4.6,53.0,6.74,2.5,5.2,6.4,10.0,3.5,48.51
6.06,182.0,6.45,5.1,66.5,6.0,12.0,7.4,7.7,2.8,0.0,37.09
7.88,337.3,9.07,6.2,43.5,6.35,4.9,5.3,2.1,3.3,0.82,76.24
4.8,0.0,7.51,7.6,45.5,6.13,4.9,5.2,3.8,22.9,3.83,55.53
8.28,353.3,3.87,1.6,49.3,2.68,12.0,4.1,10.0,6.3,3.81,49.27
6.57,57.6,12.21,4.8,29.5,7.39,0.5,7.8,0.0,5.0,0.18,53.93
6.33,173.3,6.66,5.9,17.2,7.58,1.9,7.0,5.6,12.9,3.69,58.32
8.28,157.1,9.19,3.7,0.0,7.71,7.9,7.5,8.9,24.0,2.64,43.46
7.8,258.9,5.62,9.0,24.1,8.37,9.2,2.9,5.8,0.3,3.67,85.7
6.35,40.2,7.33,4.2,59.2,7.51,9.9,5.7,5.0,5.9,1.55,42.37
9.09,246.2,8.1,5.4,23.9,4.97,6.8,5.5,6.3,9.4,3.47,59.73
5.05,402.4,9.05,6.6,37.9,5.82,18.1,5.5,5.1,3.8,3.77,74.75
8.11,63.7,8.64,4.3,59.0,6.23,7.1,4.9,6.1,14.8,1.97,34.47
8.07,219.0,8.18,1.8,60.6,6.27,7.1,5.4,4.3,35.6,2.53,44.98
6.44,133.8,5.21,4.6,12.6,8.5,4.8,7.5,8.8,28.7,1.53,49.81
7.59,242.6,4.57,7.6,74.9,7.61,8.5,2.6,9.6,3.1,4.98,66.94
4.75,201.9,6.83,4.8,78.8,11.19,10.5,9.2,5.7,2.6,2.32,52.62
8.66,135.9,8.33,3.8,11.1,11.52,12.8,6.9,2.5,31.6,1.12,50.25
6.67,248.8,5.44,7.4,20.3,6.2,2.0,5.9,4.7,6.1,1.43,81.67
6.06,380.4,8.66,4.8,80.7,0.0,7.0,7.6,5.5,2.3,2.69,51.93
8.89,180.9,9.63,4.5,40.6,9.09,9.8,3.4,7.3,12.3,3.63,53.99
5.73,272.0,3.71,5.8,0.0,4.65,10.3,4.8,3.5,3.3,0.5,71.05
4.46,70.7,3.91,7.0,3.0,4.0,8.0,5.8,4.1,3.1,5.27,56.64
4.2,104.4,5.65,10.0,37.5,5.0,10.2,8.5,7.3,21.1,2.96,46.69
8.09,247.2,6.77,7.2,10.1,4.88,4.8,5.9,8.3,1.8,3.2,76.27
4.7,348.4,4.69,7.8,32.6,7.53,14.2,6.8,4.4,0.7,2.35,73.57
10.16,235.6,9.38,4.5,46.0,2.1,12.0,4.9,2.7,3.1,2.53,50.2
3.25,168.7,7.06,3.4,88.9,3.31,2.6,6.9,14.2,9.3,2.28,43.36
10.05,199.9,6.1,5.6,36.3,6.86,3.7,9.0,8.0,1.3,4.03,63.34
7.38,75.0,2.41,5.7,77.2,7.56,3.8,7.8,5.3,6.4,2.49,24.16
6.83,260.5,2.71,3.3,87.9,7.6,10.7,5.9,8.2,9.9,3.65,25.96
6.02,288.2,6.7,5.1,88.0,4.03,2.9,7.2,5.7,18.9,1.85,37.78
7.72,154.8,0.67,6.3,53.5,3.55,6.7,7.0,8.2,2.6,2.79,32.1
6.93,153.0,8.53,6.2,0.0,4.73,9.8,6.9,6.4,17.0,1.29,57.85
8.99,226.6,5.6,6.5,58.8,6.6,7.7,8.0,6.2,2.7,4.32,39.26
7.21,156.3,14.11,6.1,76.5,9.71,9.0,8.0,5.7,11.3,1.25,48.87
7.27,193.4,11.77,4.5,42.6,0.88,3.7,5.8,2.4,5.6,2.01,57.96
6.35,410.0,5.55,4.5,97.3,5.45,10.4,7.2,10.8,1.2,2.03,42.67
6.9,175.3,5.73,3.1,70.8,2.67,5.5,5.3,3.6,12.5,1.97,39.71
7.55,164.2,8.49,9.1,62.0,1.87,6.7,4.3,2.6,2.5,3.58,71.07
3.92,135.2,10.26,5.5,77.6,8.42,9.0,5.5,5.5,1.9,2.03,65.85
4.57,274.4,1.9,5.1,55.0,7.36,8.4,5.9,3.6,4.4,4.59,60.46
8.34,181.9,1.53,3.6,0.0,7.12,8.1,3.0,5.9,10.6,1.27,63.17
7.31,135.1,4.44,10.0,30.0,8.3,5.0,7.5,7.7,2.7,2.75,60.83
6.67,332.1,7.46,3.4,80.9,4.8,6.8,1.0,8.5,2.0,1.34,68.37
7.03,342.0,7.24,4.6,20.8,4.92,8.0,10.0,8.0,0.1,3.13,45.13
7.63,140.0,8.67,6.3,38.3,11.46,2.5,8.7,5.2,6.4,2.48,52.86
6.03,13.3,3.0,6.7,13.7,5.38,6.1,5.5,6.1,5.6,2.27,45.05
5.6,300.8,0.21,7.4,98.5,7.84,9.6,6.0,7.0,2.7,4.28,53.82
7.35,131.5,8.15,9.1,95.4,6.02,2.9,6.5,1.6,0.6,1.52,64.26
5.24,279.1,3.93,6.5,18.5,1.38,12.6,4.9,7.4,5.6,3.38,61.39
7.73,3.0,0.95,3.4,49.4,0.89,13.1,6.3,2.4,15.5,1.35,6.6
3.94,289.3,6.36,5.0,24.6,4.55,3.0,5.7,11.1,12.6,2.67,75.69
8.85,78.9,7.98,6.1,63.4,8.64,13.4,5.8,5.0,19.7,0.71,38.3
7.85,273.1,5.69,9.6,60.3,7.97,7.4,6.3,5.5,0.1,1.51,60.49
7.46,201.4,4.86,2.7,69.4,8.29,9.7,3.6,4.1,33.9,2.38,36.86
8.77,104.6,5.6,7.9,55.0,3.53,6.0,6.1,4.4,4.2,5.22,62.07
10.0,159.3,5.07,5.9,133.1,10.04,11.7,6.3,11.7,46.5,2.65,16.89
8.83,268.6,2.63,7.2,14.2,3.59,9.6,6.2,8.4,2.9,4.98,47.57
3.69,210.6,4.21,5.3,0.0,6.53,4.7,5.6,2.1,6.4,2.83,73.73
4.7,258.4,7.3,3.8,33.2,5.97,3.3,8.0,9.8,4.4,1.92,53.4
5.88,397.6,6.8,7.0,0.0,5.57,2.2,5.4,9.0,4.4,4.81,79.4
7.05,43.6,6.42,6.8,0.2,9.35,8.8,6.4,5.3,18.5,3.16,54.74
7.93,361.7,3.51,7.4,15.0,4.24,10.3,8.3,6.8,13.7,1.54,62.78
5.69,210.4,5.55,5.5,17.3,2.63,10.6,5.9,6.0,48.5,3.21,46.21
7.34,110.1,0.56,4.3,16.4,6.05,7.5,6.4,10.9,9.5,2.06,25.28
5.64,67.0,6.45,2.4,60.5,5.0,3.4,5.8,4.0,6.2,0.0,38.92
5.9,181.1,9.57,7.1,29.8,14.44,5.3,8.2,6.4,0.9,3.9,63.88
4.47,292.2,2.31,6.3,39.6,7.69,12.6,5.5,4.9,56.7,4.14,52.15
5.34,187.2,4.54,3.6,71.8,4.98,6.1,8.3,2.4,8.0,5.26,42.53
4.57,351.1,6.82,4.4,22.0,3.36,8.6,5.8,11.5,12.1,3.13,58.69
5.24,54.9,9.13,4.6,37.1,1.3,3.7,4.5,3.0,5.2,2.13,53.56
8.9,198.8,4.88,2.5,56.0,3.44,9.3,7.2,6.6,7.9,3.75,36.2
5.29,74.8,4.27,3.9,0.0,6.29,6.2,5.5,1.6,28.6,3.77,56.25
11.74,236.4,1.08,3.2,0.0,9.57,12.2,7.1,5.0,1.8,4.96,44.24
7.89,288.7,6.26,4.7,55.4,8.8,11.1,1.1,7.1,3.5,2.43,83.27
7.33,157.9,11.11,4.0,59.8,6.57,6.0,6.0,3.9,1.6,2.25,56.26
5.45,0.0,6.69,2.2,106.9,5.19,7.5,5.2,7.5,15.7,1.43,8.81
8.26,219.9,5.94,9.5,49.7,6.67,5.8,4.1,5.3,0.6,3.31,76.92
5.96,243.7,6.81,8.0,69.6,4.7,2.3,5.0,8.9,0.9,0.18,58.73
7.22,240.4,5.97,3.9,39.1,10.3,4.6,5.0,9.4,3.5,3.66,58.66
11.61,323.6,3.97,6.0,53.9,5.53,8.8,5.9,4.5,7.2,3.38,36.66
6.83,92.9,8.06,6.3,95.0,5.78,9.3,3.5,6.2,5.2,3.38,44.79
9.07,268.0,6.56,7.9,0.0,0.46,8.6,6.6,6.5,0.5,2.71,59.5
5.73,319.3,6.04,3.9,57.4,5.51,6.8,8.5,7.5,31.6,4.8,32.32
6.94,22.1,3.56,7.7,109.1,8.09,11.7,6.5,6.0,30.5,3.81,22.07
10.19,232.0,9.26,4.4,53.5,3.33,8.3,7.5,6.5,3.3,1.59,48.75
5.87,149.6,7.66,2.8,94.5,4.12,10.8,8.0,5.4,13.1,1.62,18.8
10.26,191.8,4.62,6.9,26.1,7.98,0.9,8.2,6.3,8.6,1.18,58.33
8.27,234.8,8.5,8.1,44.0,2.31,0.0,9.4,9.2,2.7,3.33,47.61
5.99,151.3,4.76,10.0,46.0,8.64,9.1,5.1,7.6,3.0,1.0,64.99
8.14,132.4,4.04,3.1,0.0,4.67,2.3,4.7,7.8,6.8,4.13,50.34
8.75,203.4,4.1,6.9,10.0,5.03,7.2,7.4,7.8,5.4,4.48,41.19
8.12,91.3,1.57,4.7,12.1,3.19,6.8,7.3,5.6,3.4,1.18,26.75
4.17,91.4,7.18,7.1,69.7,6.95,14.3,7.4,6.8,16.5,2.22,45.37
5.69,267.9,1.42,2.6,71.2,12.15,9.6,9.4,3.3,6.6,2.52,41.15
6.55,85.1,2.93,3.0,54.7,7.95,8.7,6.0,9.2,10.6,3.83,25.19
6.87,266.6,0.81,3.9,69.7,3.84,11.3,6.8,0.0,2.1,4.91,34.68
8.12,246.3,5.78,5.7,40.1,8.84,9.5,4.2,5.8,7.6,0.0,64.05
7.32,27.4,5.62,4.2,81.1,5.21,6.2,9.8,8.9,3.8,2.02,16.92
4.6,132.2,5.18,6.8,45.3,9.44,12.3,5.4,2.6,7.5,2.1,61.15
7.68,319.4,3.39,7.6,46.7,8.02,3.6,5.4,7.0,15.2,0.4,48.68
8.1,101.9,3.07,6.7,37.0,0.0,9.3,5.4,4.3,14.6,1.77,28.71
8.01,153.6,7.16,8.7,65.5,3.49,1.8,4.8,5.1,4.4,3.14,55.11
8.95,246.2,4.62,6.3,32.4,8.36,8.8,4.7,8.4,11.9,2.08,56.86
8.5,278.3,6.79,3.1,74.3,6.38,8.8,5.1,6.5,28.4,0.18,43.73
7.83,174.8,3.79,8.2,11.0,3.44,14.7,3.5,0.9,9.8,6.81,63.44
6.87,140.2,6.45,4.3,12.0,4.42,1.7,4.6,3.6,1.6,2.9,63.01
4.01,342.2,9.26,7.3,65.6,1.23,5.6,9.5,8.4,11.4,2.67,48.38
7.77,373.9,7.47,8.6,42.3,5.78,11.3,7.3,7.1,1.1,0.85,78.57
7.37,297.9,4.97,6.4,31.4,11.53,9.3,7.7,10.4,20.6,2.89,60.77
7.49,208.5,6.64,2.5,71.7,8.01,8.7,8.1,10.2,7.3,2.25,19.0
4.7,119.2,5.4,3.7,26.8,11.48,4.2,9.3,5.1,4.9,0.0,52.99
5.05,117.0,6.02,8.1,39.0,8.21,5.6,2.8,12.3,0.6,0.89,68.63
8.9,252.3,5.19,5.2,87.0,8.57,13.0,3.8,6.1,4.8,3.69,48.32
6.93,241.8,5.59,5.7,91.2,10.94,7.8,4.6,3.6,23.4,5.42,58.43
8.23,340.2,6.53,7.0,92.2,6.94,9.5,5.2,4.4,0.2,3.05,76.13
7.05,265.0,3.52,6.9,36.5,5.53,7.5,5.5,0.4,6.4,4.15,67.64
7.05,49.7,3.46,6.1,81.9,8.58,3.3,5.2,10.0,26.8,2.27,37.87
8.69,305.2,2.53,5.1,16.5,9.63,11.7,6.4,10.0,5.0,2.37,47.95
6.07,100.2,2.0,4.9,17.8,4.8,10.0,6.1,3.5,5.6,4.14,41.64
7.17,161.6,2.96,7.2,0.0,4.2,17.2,4.7,5.4,8.6,4.99,60.31
6.17,225.0,6.4,6.6,95.2,6.35,3.9,2.1,6.2,6.2,4.45,65.47
6.22,399.6,3.77,5.0,19.1,8.08,11.3,4.2,3.6,1.8,0.9,69.72
6.44,511.0,7.28,7.7,41.2,8.0,2.8,5.0,1.6,0.2,2.4,87.9
7.4,260.7,6.09,5.2,17.7,2.44,8.6,5.6,5.5,9.4,2.92,56.7
6.14,181.7,1.08,3.8,65.9,10.78,11.9,4.0,5.2,25.4,2.11,42.09
9.26,253.5,7.64,4.0,33.7,4.4,0.0,5.1,5.0,1.1,3.08,57.23
5.39,288.8,8.03,3.5,5.9,5.34,7.2,4.0,6.6,2.4,3.73,76.92
6.66,167.9,3.52,5.0,58.2,3.74,5.7,5.8,9.6,4.6,4.0,34.14
6.21,379.5,7.05,8.0,2.0,12.75,5.2,4.1,5.2,16.5,5.03,91.66
9.6,223.0,3.86,3.9,19.9,6.61,9.5,4.5,6.4,3.1,2.01,49.37
7.35,249.8,6.24,5.9,0.0,3.87,12.5,3.6,7.8,21.4,0.45,61.09
8.86,266.6,2.84,4.2,2.3,8.16,7.5,5.7,7.4,0.6,3.04,57.36
4.33,242.2,1.52,5.0,50.4,7.92,8.8,4.4,4.5,28.3,5.33,59.56
7.48,283.9,5.04,2.5,0.0,5.53,8.5,7.6,6.2,8.2,1.78,39.77
8.6,138.3,5.69,5.1,0.6,8.1,8.0,6.7,7.4,10.8,3.53,51.73
7.15,144.2,5.01,5.1,44.9,3.94,3.6,5.9,3.2,4.6,3.54,48.31
8.92,90.0,3.04,6.6,28.7,4.77,12.4,4.6,9.2,15.2,2.79,38.8
6.07,244.0,5.0,5.9,104.8,0.97,9.2,6.7,9.6,1.8,2.51,40.85
9.54,277.9,6.67,3.1,100.0,2.69,9.6,7.2,4.2,0.5,1.11,32.7
11.14,245.8,5.89,7.7,19.0,10.52,4.8,6.3,6.5,5.0,0.0,72.86
6.35,367.4,6.46,5.9,61.7,10.1,6.2,8.9,7.6,19.2,0.83,61.34
6.2,199.4,4.32,5.9,67.5,6.16,7.3,6.8,4.6,14.1,1.91,40.74
9.62,266.9,8.93,5.5,27.1,10.16,1.9,7.6,7.2,7.3,4.15,62.27
9.84,90.8,3.06,4.5,0.1,5.6,1.2,6.2,6.4,8.5,2.35,45.62
6.06,161.3,7.22,5.9,44.6,5.39,5.6,7.2,2.3,1.4,1.72,54.93
6.24,269.6,8.95,6.5,39.8,6.14,10.1,4.6,7.1,18.4,1.16,62.77
6.49,284.9,7.2,2.0,31.9,5.69,5.4,5.2,3.2,15.5,3.49,55.73
4.58,170.6,5.49,4.4,58.3,5.46,3.9,6.6,8.3,10.7,4.54,44.02
5.35,192.8,4.68,5.0,22.5,8.86,4.7,6.6,4.3,6.3,4.1,59.8
5.19,48.2,8.59,6.0,10.4,6.38,6.2,6.9,5.6,33.4,3.41,49.81
5.62,164.3,2.44,7.9,48.3,7.78,6.6,8.0,9.4,21.1,0.29,34.87
6.94,289.0,3.57,4.0,56.6,8.58,16.7,3.4,7.2,10.3,1.97,49.24
7.42,257.5,5.01,4.5,9.7,6.97,12.2,4.2,3.3,4.6,5.42,58.7
9.79,250.1,9.09,4.5,72.8,3.57,12.1,6.4,3.5,9.6,4.18,40.29
5.2,205.0,6.95,3.9,0.0,2.62,12.7,4.7,4.5,8.6,0.19,56.73
8.77,200.7,3.58,4.8,27.7,6.37,4.0,10.0,7.0,5.0,2.42,28.25
6.61,134.0,5.22,7.0,37.3,5.57,3.1,6.9,6.9,3.7,3.04,56.07
6.91,269.9,4.46,3.4,25.9,6.22,3.6,5.9,3.9,5.2,1.36,54.94
8.21,242.1,4.23,6.4,28.0,5.96,13.3,5.1,3.1,8.5,0.0,59.53
4.98,249.2,8.45,2.1,101.1,12.46,5.8,5.1,6.7,5.6,2.65,50.27
7.69,147.4,2.57,4.4,19.5,2.67,3.0,6.1,5.5,3.1,1.32,44.88
7.3,0.0,10.02,4.8,118.2,1.03,6.3,6.2,11.4,14.3,1.32,18.39
7.89,309.7,8.07,8.8,58.1,6.83,7.0,5.2,6.1,7.6,1.97,64.14
7.52,152.1,8.73,5.0,47.8,5.06,9.1,5.5,10.5,0.7,2.3,49.69
11.42,113.7,4.84,1.1,59.3,6.79,9.0,8.4,3.1,4.6,2.49,12.49
5.85,269.3,5.63,1.5,120.9,7.46,4.7,8.5,2.1,21.6,1.17,30.49
6.04,160.8,2.42,5.6,15.2,9.21,10.7,6.5,3.2,14.1,2.17,53.41
5.88,306.0,4.69,6.7,11.4,2.23,5.4,3.6,9.0,3.9,0.0,71.24
6.0,261.7,7.23,6.3,22.4,4.61,7.4,7.0,10.4,27.8,2.97,43.63
5.85,268.4,9.24,5.8,46.0,7.07,10.7,8.8,4.0,0.8,0.0,77.47
9.14,63.4,3.23,7.8,0.0,7.93,5.4,8.5,4.8,32.5,2.07,42.47
9.56,321.2,5.09,4.4,45.7,11.48,5.7,7.3,3.1,2.8,3.88,59.13
5.97,226.1,5.62,7.3,95.8,8.39,10.4,8.6,1.5,0.1,0.91,65.62
5.5,163.1,2.51,2.2,49.5,5.86,4.6,6.1,7.8,5.7,3.57,39.65
7.85,214.3,7.48,3.7,36.2,3.77,6.5,7.1,6.6,4.4,4.23,38.59
6.01,22.4,4.19,1.9,26.5,4.59,10.2,4.8,6.0,7.7,0.0,33.32
8.14,240.9,5.51,5.0,72.0,4.52,16.2,6.5,2.5,15.9,2.27,29.88
7.37,97.1,4.87,5.4,20.2,7.64,10.4,8.4,10.1,18.5,0.0,42.56
4.27,64.7,4.03,5.7,100.4,6.64,9.9,4.9,4.7,5.1,2.32,46.13
9.79,47.8,5.98,5.6,103.0,2.69,10.1,4.4,7.3,5.6,2.49,25.04
10.23,311.3,5.46,3.6,52.7,4.91,3.7,6.2,2.4,1.6,0.0,48.39
5.9,137.1,5.07,5.1,44.7,8.19,8.5,5.6,5.5,0.5,5.39,39.09
6.3,353.4,4.18,2.5,75.9,6.88,7.9,7.2,6.7,10.3,2.93,46.2
7.51,146.4,6.8,8.2,77.8,7.42,9.3,5.2,6.8,0.7,1.23,56.8
7.6,29.3,10.13,4.9,20.8,6.96,8.5,9.1,6.4,13.2,4.7,36.64
8.19,88.3,6.35,4.5,29.2,10.07,9.5,3.7,7.2,7.7,0.0,48.58
10.62,323.6,8.49,8.7,5.3,6.59,6.8,8.3,3.2,2.2,0.66,65.79
6.68,184.4,2.52,3.0,57.3,5.03,8.2,4.6,6.5,7.8,0.0,47.26
5.56,145.2,6.39,3.2,65.0,3.71,3.1,2.8,6.3,2.0,5.2,51.35
4.52,216.0,3.26,3.3,4.5,6.62,6.7,6.4,6.6,5.8,3.0,60.33
5.68,250.2,2.31,5.4,31.3,0.0,13.6,5.5,6.2,16.1,3.49,35.63
6.94,311.7,4.15,6.4,4.6,5.54,9.3,4.0,2.8,6.2,2.95,70.94
10.23,344.8,8.98,7.0,18.0,5.49,7.9,3.0,2.7,1.6,3.36,87.0
6.07,164.0,8.38,10.0,61.5,2.59,15.6,6.0,0.5,12.9,2.62,63.78
7.4,67.4,6.61,1.0,23.0,3.68,2.6,7.8,8.0,2.1,2.91,32.59
6.97,158.7,2.17,6.7,36.0,8.02,3.6,7.1,8.1,13.4,2.66,44.21
9.14,226.0,5.51,4.4,0.0,6.58,14.9,6.1,8.1,6.5,1.59,53.27
11.55,103.6,6.75,4.3,50.6,6.25,8.2,6.9,6.8,6.0,2.43,40.77
6.04,104.3,6.44,4.3,43.7,6.77,7.0,6.0,0.7,19.1,2.91,45.98
6.12,234.4,1.39,3.7,23.1,6.23,3.2,3.4,3.4,12.3,2.67,55.27
8.88,195.1,3.77,8.9,39.3,9.11,9.8,3.4,6.4,0.3,0.28,79.5
8.23,203.3,5.84,7.2,50.4,6.31,10.2,5.6,6.3,3.5,0.48,50.41
10.32,124.2,7.34,5.5,20.6,2.35,3.6,5.7,5.4,20.5,4.12,48.69
8.05,177.0,0.51,8.2,0.7,10.08,7.4,7.5,6.9,0.2,2.04,59.25
6.35,107.6,5.59,2.5,99.2,6.93,6.7,7.4,6.0,7.9,3.38,9.41
8.06,289.0,6.36,2.8,26.0,4.53,9.0,7.1,6.3,13.0,0.86,51.32
9.0,303.5,8.12,1.1,42.1,2.87,3.5,5.5,4.4,9.7,0.29,28.32
8.48,15.4,7.73,4.1,75.3,6.99,13.0,3.5,8.5,14.3,1.23,20.51
7.91,107.0,7.46,5.8,150.9,5.71,11.7,6.7,4.9,12.9,2.17,28.09
8.92,50.3,4.0,5.7,7.7,9.94,6.5,6.9,2.7,11.8,1.5,52.81
9.1,135.0,1.23,5.8,58.5,5.14,7.1,1.7,4.1,17.2,4.44,43.36
9.49,191.7,5.02,2.7,23.8,3.91,7.5,4.5,5.1,10.4,2.77,42.3
8.17,55.0,8.5,7.1,28.8,8.24,4.9,4.8,8.5,5.1,5.27,37.95
6.7,107.8,9.48,6.0,23.4,8.31,6.2,6.2,5.9,6.4,3.11,62.52
7.26,99.6,7.78,7.0,11.2,6.42,6.9,4.6,5.5,12.6,0.0,66.9
9.17,220.7,7.07,1.7,43.8,7.69,14.5,5.9,2.9,20.9,4.08,32.06
5.53,206.9,6.95,6.1,0.8,5.91,11.8,5.6,8.0,3.2,0.24,67.12
7.66,127.8,4.61,3.1,73.4,6.58,11.7,5.7,4.4,4.2,2.85,33.68
6.29,217.7,5.67,4.7,46.7,8.91,9.5,4.7,5.7,26.7,1.34,51.99
7.05,145.3,10.17,6.6,57.7,7.56,3.5,4.8,9.7,8.6,5.71,43.36
9.3,172.8,3.64,5.7,31.0,5.58,7.8,4.1,7.3,2.0,4.66,64.26
7.34,367.3,10.04,3.8,34.0,9.38,11.9,6.7,1.9,10.9,1.39,73.72
7.08,334.0,5.19,5.5,53.6,0.09,3.0,7.0,1.6,46.8,2.31,38.17
4.55,70.0,9.31,2.4,10.1,11.13,10.5,4.6,5.8,17.3,2.87,51.38
8.34,283.0,2.48,7.8,34.3,1.74,17.3,8.7,3.0,13.7,3.8,35.12
8.16,281.1,7.46,5.1,19.2,4.43,12.2,5.4,7.6,2.3,2.54,63.04
10.89,85.2,4.16,7.7,18.3,5.9,13.7,8.8,6.1,20.9,0.96,19.46
6.45,281.9,2.46,4.4,0.0,5.63,8.9,4.8,6.4,7.5,1.42,57.47
7.39,353.8,6.55,4.5,85.2,8.52,11.9,2.4,4.2,22.0,2.49,49.37
7.45,87.7,8.52,4.0,24.4,3.36,5.1,6.7,10.4,4.0,4.35,35.65
9.84,108.2,3.89,7.3,79.9,6.65,11.2,6.4,13.1,0.6,3.14,27.87
6.83,301.8,2.25,4.1,77.1,4.55,10.6,6.1,5.3,6.5,1.34,40.45
7.5,227.1,5.77,6.8,6.4,6.74,9.2,4.8,6.9,3.1,3.47,60.27
8.09,255.1,5.78,4.7,12.3,5.84,13.3,5.9,6.2,12.6,1.92,44.67
7.34,234.1,7.37,1.5,121.8,6.23,5.8,5.1,5.4,31.5,3.84,32.55
6.2,239.1,8.37,4.4,97.5,4.63,7.3,5.5,3.9,11.7,6.29,46.65
7.35,67.4,5.85,3.1,44.1,4.72,8.4,7.5,3.3,21.8,1.96,30.63
8.93,304.7,10.64,5.6,52.7,6.72,3.9,6.3,3.2,6.0,3.7,63.0
5.15,317.0,6.56,3.1,26.1,8.36,8.9,7.1,7.0,14.8,1.38,51.41
7.24,177.1,5.13,7.4,58.0,4.5,1.1,5.6,4.7,18.5,2.33,54.27
5.74,195.7,1.97,5.3,23.5,3.83,12.2,5.4,0.0,12.4,2.54,55.92
9.15,46.9,5.34,5.1,0.0,7.53,8.2,3.9,7.1,7.1,2.21,38.17
4.26,251.4,5.16,6.8,5.4,5.92,5.9,5.3,5.9,9.8,6.19,73.52
5.99,257.2,8.4,7.4,45.6,8.08,4.7,1.0,9.4,12.1,2.04,88.0
7.68,193.8,7.16,5.5,11.1,3.74,7.1,4.9,6.9,2.9,3.38,57.54
9.82,312.4,3.05,4.0,43.0,1.55,10.8,5.9,2.3,16.6,0.0,41.39
6.88,166.6,6.43,2.0,12.8,4.67,10.2,7.0,0.4,30.0,3.15,19.57
6.0,256.5,7.68,4.1,21.5,4.08,5.2,5.5,4.2,6.3,4.21,56.25
10.39,98.0,9.82,4.3,70.6,5.8,4.6,6.6,4.4,12.1,1.71,51.68
4.39,197.6,8.22,5.7,52.4,4.41,10.6,2.1,8.4,13.4,0.0,69.58
3.04,182.6,7.9,4.8,44.7,7.85,5.1,5.9,6.0,10.9,2.44,63.79
7.79,222.5,6.15,6.9,71.4,5.28,8.2,3.0,8.8,7.9,2.53,57.18
6.1,163.0,6.97,4.3,59.4,6.38,8.5,3.8,2.7,21.3,3.59,52.64
5.16,186.9,9.12,5.4,88.4,6.39,9.2,5.7,8.4,6.0,5.52,51.0
8.28,282.6,2.67,7.9,31.2,6.49,11.4,8.3,7.8,0.6,1.93,48.89
7.44,156.3,5.13,6.2,32.1,5.94,2.9,6.7,1.0,18.6,1.22,58.88
5.98,39.3,4.07,5.4,6.0,7.28,0.4,6.0,9.3,11.2,0.75,66.4
4.7,375.0,6.95,4.3,32.1,4.01,5.7,6.0,6.2,18.9,2.8,71.26
8.57,338.1,9.08,4.2,73.9,9.5,15.2,4.7,7.0,1.5,3.22,71.5
8.17,70.8,4.51,3.8,84.0,5.41,16.1,5.0,3.8,0.3,1.68,24.21
6.82,269.0,0.02,4.4,73.8,2.72,15.3,6.8,9.2,27.2,3.67,30.85
10.32,149.7,4.97,7.0,0.0,6.47,7.2,3.5,3.0,1.6,3.2,63.14
5.07,226.3,8.28,5.1,77.5,3.87,0.9,7.1,8.1,16.6,2.56,52.53
4.25,229.4,7.34,2.8,0.0,7.66,0.0,5.3,8.1,17.3,1.15,78.11
5.75,176.6,7.07,9.0,71.9,11.52,5.5,7.5,3.6,12.3,1.78,59.27
6.92,121.6,5.3,6.1,34.0,4.03,7.2,7.7,11.0,1.4,0.0,43.68
7.44,130.9,2.8,2.7,66.1,6.83,13.2,3.0,6.6,11.0,2.85,39.33
6.57,108.4,7.29,4.6,5.0,1.61,11.5,5.0,7.6,22.0,2.54,37.54
7.63,116.8,3.91,5.7,80.1,7.13,8.9,4.5,2.2,5.5,2.78,56.68
4.75,193.3,11.46,8.9,1.1,3.79,4.4,2.7,11.3,5.3,3.26,79.9
9.6,128.4,7.43,3.3,24.9,4.44,4.2,4.1,2.9,5.8,3.08,64.16
6.85,268.2,4.55,7.5,15.1,3.25,9.0,10.0,8.6,0.9,2.33,56.02
9.01,348.7,4.47,8.3,0.0,7.83,10.8,7.1,3.5,22.3,2.57,67.73
7.62,142.0,5.77,4.2,47.8,8.52,9.6,9.5,4.5,20.3,0.39,29.35
7.82,223.9,5.4,4.9,99.2,6.06,3.9,7.5,8.0,61.7,1.62,24.79
8.03,250.0,8.79,3.4,125.0,3.84,10.6,4.7,8.6,8.8,2.58,33.69
7.81,247.2,6.47,5.1,47.9,9.97,9.7,5.3,2.8,13.9,1.4,57.13
8.16,207.6,4.17,5.4,78.5,4.12,3.7,7.1,8.7,2.3,3.79,45.22
9.39,274.3,10.73,6.8,52.0,0.59,4.9,6.8,8.6,11.0,1.51,66.37
7.35,248.2,6.12,7.7,60.0,7.15,10.8,5.0,3.7,10.5,2.82,61.01
8.28,76.2,7.92,4.0,34.7,3.24,7.1,3.3,10.0,23.1,2.67,34.37
6.84,286.9,4.48,1.6,50.9,8.47,14.4,10.0,2.4,17.8,3.62,20.94
9.59,288.7,6.91,5.5,61.1,5.05,10.0,5.7,4.4,27.9,3.85,42.93
5.78,123.7,6.78,6.1,27.6,7.51,6.1,5.4,7.2,20.3,3.54,45.93
10.24,203.8,1.28,6.0,42.7,9.5,8.0,6.2,3.9,20.3,0.0,38.76
6.93,268.3,11.04,4.8,43.2,2.98,8.3,5.6,6.7,0.7,4.29,72.3
4.42,179.1,9.23,5.7,69.8,4.59,5.1,6.2,6.6,18.7,4.79,53.28
7.23,307.3,5.01,8.5,13.0,5.81,4.3,8.3,5.5,9.4,1.78,61.08
5.77,436.4,3.24,6.3,43.5,9.84,10.8,5.8,8.1,4.8,2.85,74.33
8.51,121.4,6.87,4.8,102.4,4.35,11.4,3.9,5.4,0.6,1.16,32.12
5.83,61.9,6.22,4.5,79.9,4.51,10.4,5.7,6.6,11.3,0.0,27.07
6.2,230.4,6.89,5.2,85.5,7.2,14.1,5.2,8.9,4.0,1.39,40.91
3.6,272.2,6.48,8.8,45.7,4.56,5.8,8.6,8.0,6.3,1.69,79.0
6.19,176.9,7.27,5.1,54.6,6.38,14.7,8.1,8.0,11.4,1.97,33.69
2.64,345.3,9.62,5.5,75.1,2.12,4.4,6.2,3.1,24.3,1.06,58.37
4.15,66.1,7.42,4.5,91.8,11.54,3.9,3.7,7.3,17.5,1.4,64.08
8.37,269.3,3.38,7.7,0.0,2.63,1.0,3.8,3.8,6.0,2.48,75.15
8.41,139.4,9.41,9.4,5.5,5.2,6.2,6.0,2.8,4.9,1.34,61.1
7.77,371.9,10.1,6.4,84.3,5.92,6.0,6.6,5.8,2.7,3.32,60.49
5.26,399.3,13.88,5.7,36.7,10.78,10.1,5.3,3.7,4.7,3.52,92.07
6.91,123.3,3.19,5.6,24.8,2.69,9.0,5.1,8.0,1.2,6.07,42.73
6.99,145.0,6.61,1.0,7.4,10.96,3.2,4.9,8.0,35.4,4.19,55.23
4.91,286.0,0.79,7.0,28.3,7.89,6.4,6.0,1.2,8.5,2.86,62.34
9.71,161.3,7.38,5.8,2.9,7.04,6.5,1.7,3.9,1.4,1.57,77.4
8.58,195.5,4.63,6.4,107.7,3.54,0.9,4.0,2.4,4.4,2.94,48.58
6.6,202.5,10.81,4.1,44.3,7.43,4.1,4.9,4.8,7.9,2.99,50.97
7.05,8.0,4.06,4.7,43.3,4.19,4.9,8.2,7.1,7.6,1.73,33.66
7.38,198.6,1.78,4.7,62.6,9.17,13.7,4.5,5.4,0.4,3.68,46.31
3.32,131.0,4.82,7.5,73.9,3.57,8.8,6.3,4.5,30.1,0.4,53.52
6.56,150.7,1.06,4.7,73.4,5.72,10.6,6.4,9.3,3.2,2.13,31.8
5.77,344.4,7.88,9.7,77.2,4.61,2.0,8.3,0.2,0.2,3.33,73.02
5.2,74.3,0.84,6.4,26.1,3.53,12.8,8.3,9.1,0.8,2.07,24.96
6.49,281.3,6.07,2.9,36.1,7.85,13.2,5.9,4.6,8.7,2.19,48.75
10.24,172.1,0.81,5.2,68.1,7.34,0.0,5.1,5.8,1.5,2.29,56.15
8.15,172.0,5.2,4.2,29.2,9.02,5.2,4.8,4.7,0.4,1.25,69.09
5.97,279.0,10.11,1.1,44.8,1.55,10.0,5.6,9.9,4.8,4.26,44.02
8.03,234.0,6.9,8.7,57.0,8.66,10.6,5.2,2.9,9.7,0.97,66.48
9.52,257.1,3.84,6.9,68.6,12.26,5.3,7.0,6.0,1.2,2.98,55.84
8.66,296.8,5.92,6.6,0.0,4.87,6.8,6.8,7.3,3.8,3.12,63.6
7.11,166.9,6.05,5.8,66.4,10.74,5.6,7.1,2.0,5.4,1.08,46.93
5.84,138.8,7.18,2.7,38.0,5.34,8.4,8.3,3.7,1.7,2.61,37.68
8.26,91.5,2.58,4.5,66.2,2.57,12.8,9.4,5.6,7.1,1.14,4.41
7.71,117.5,7.48,7.2,68.3,5.24,4.9,6.2,3.8,0.9,4.59,49.18
8.61,494.9,0.0,3.4,93.2,8.62,12.0,8.0,4.0,0.5,0.79,56.04
8.14,324.5,4.43,1.0,85.6,3.9,4.9,5.4,5.1,7.3,1.52,41.6
8.89,64.9,4.78,5.0,85.4,4.5,4.6,8.1,7.6,2.8,0.66,19.93
6.04,67.8,7.58,5.2,88.3,7.48,11.3,7.9,5.1,1.0,0.46,35.72
9.37,248.2,6.06,5.8,53.7,6.01,11.7,7.8,8.7,5.5,4.89,30.47
7.36,254.7,2.49,7.0,46.0,7.46,11.4,6.2,3.5,24.7,3.31,47.38
10.74,254.9,3.54,6.8,71.2,6.59,2.7,4.8,2.9,12.9,2.71,62.77
5.76,174.5,6.5,6.0,67.0,7.2,6.1,3.5,10.8,16.9,1.52,60.57
10.12,187.5,5.8,7.9,35.7,4.92,11.3,5.9,4.4,20.6,3.86,64.55
7.36,232.8,4.55,2.5,57.1,6.58,8.2,8.8,2.7,36.0,1.26,36.3
5.83,208.6,4.8,6.5,43.9,3.68,3.7,5.4,1.6,14.4,3.69,59.72
6.13,0.0,7.74,6.8,19.4,9.22,9.8,7.4,8.7,9.4,1.19,52.27
6.42,177.0,4.71,3.0,83.7,4.41,5.1,7.5,5.1,4.5,1.53,29.83
7.76,114.9,5.78,2.5,46.7,8.82,15.2,5.5,5.4,2.0,3.64,24.91
7.94,217.5,11.42,4.0,106.5,5.42,14.2,8.4,5.6,11.6,3.8,37.03
5.97,498.5,2.44,4.2,0.0,6.5,10.4,1.0,8.5,52.9,3.4,87.64
6.96,236.7,1.37,7.0,28.3,4.76,13.4,3.8,5.6,6.3,0.93,55.53
10.86,168.6,7.96,4.3,46.0,3.46,8.3,4.4,11.9,12.9,1.83,41.58
10.11,292.2,4.3,3.8,79.1,1.64,11.1,4.5,6.3,6.8,2.74,43.77
7.79,248.3,5.2,4.3,57.0,3.36,13.9,6.6,8.7,5.7,1.23,40.75
7.07,242.0,4.05,7.7,54.3,5.19,9.0,6.5,8.0,5.3,4.56,37.78
7.22,260.7,5.35,5.5,11.2,6.53,7.0,6.7,5.9,7.0,0.0,63.58
8.1,405.7,10.0,5.1,10.3,8.53,1.2,7.1,4.5,4.6,1.33,81.56
5.16,86.9,8.01,5.3,54.7,4.89,7.7,4.3,6.8,13.8,1.74,58.17
6.54,247.4,8.16,8.1,4.1,3.8,11.3,3.8,7.3,20.7,0.0,81.87
4.0,107.4,2.46,4.0,29.0,2.39,11.8,6.7,4.6,21.4,0.41,45.72
7.72,255.6,3.12,8.1,60.0,7.2,10.0,4.9,6.4,2.6,3.44,48.97
8.16,108.1,0.0,5.9,15.5,9.46,5.8,3.2,9.1,22.6,2.55,44.36
6.13,158.3,3.98,5.2,93.2,9.17,0.1,7.7,11.2,4.2,4.86,45.95
9.83,170.5,8.39,10.0,81.7,7.77,6.0,8.5,8.1,3.7,4.82,43.83
4.79,297.6,7.29,3.4,0.0,7.6,6.8,8.8,10.7,13.0,3.15,45.66
4.36,291.8,5.45,4.8,17.0,10.24,6.7,6.3,4.4,3.6,2.97,74.88
7.4,75.4,5.94,3.0,0.0,6.83,10.5,7.1,7.8,0.5,2.6,36.33
8.88,205.5,4.28,7.4,21.5,7.62,15.9,8.5,9.3,4.7,0.0,58.17
10.03,129.0,6.51,8.9,68.0,5.2,8.5,4.8,3.8,12.8,0.41,56.98
6.17,74.1,7.91,8.8,32.6,2.59,7.1,8.0,4.8,4.0,2.65,52.06
8.94,178.3,1.96,7.9,58.8,4.29,7.0,6.5,10.3,9.9,3.42,34.9
6.93,169.2,6.75,5.1,0.0,5.98,8.5,7.6,3.6,10.8,2.93,64.37
6.69,442.7,8.33,4.8,68.9,6.15,4.7,6.3,2.6,13.2,1.16,71.94
8.59,243.3,4.96,2.2,28.3,10.82,8.5,8.3,9.8,22.7,3.91,27.37
8.17,62.2,7.75,9.6,45.4,6.2,9.8,6.4,9.0,5.7,4.72,42.37
4.16,143.5,13.04,6.4,42.2,8.95,8.8,3.3,7.1,1.8,3.91,77.59
9.66,302.1,5.74,4.5,6.9,4.91,9.8,8.6,5.9,3.8,3.98,39.22
9.48,408.8,6.98,8.2,10.4,5.22,9.7,4.3,4.9,5.7,1.66,88.58
5.87,41.4,4.15,3.6,74.0,2.68,0.9,8.3,6.7,12.5,4.11,8.56
7.71,12.0,6.45,6.3,57.0,4.14,10.5,5.8,9.9,0.1,2.72,34.31
7.89,387.1,7.15,5.2,76.5,7.32,5.3,8.1,6.6,3.8,3.27,56.98
7.47,239.0,6.49,6.8,54.7,6.02,3.6,8.0,11.4,15.1,3.05,47.83
6.01,113.2,3.45,5.4,49.3,8.36,3.6,6.8,3.8,11.1,2.32,41.14
5.79,253.5,6.52,2.6,0.0,6.45,9.7,6.9,6.0,13.2,1.21,58.18
6.95,0.0,9.66,5.7,36.9,5.12,7.1,6.8,5.1,16.7,2.38,35.63
9.11,200.3,7.12,7.6,44.2,11.37,1.3,2.4,3.3,15.3,3.98,78.22
7.98,232.8,8.4,5.4,103.6,5.77,9.9,6.2,5.6,11.5,1.84,46.47
6.33,292.4,5.41,7.1,65.6,8.91,2.2,4.0,7.0,5.8,3.84,74.07
8.39,98.6,7.87,3.4,91.1,5.0,8.6,6.3,7.3,41.1,3.61,14.75
1.87,208.6,6.7,5.4,62.9,7.77,9.0,3.9,11.4,8.4,2.05,82.52
9.07,107.5,3.62,4.3,23.7,8.32,11.5,3.9,7.2,2.3,4.58,43.38
3.87,225.5,6.8,7.0,48.5,6.52,15.1,8.9,8.9,3.5,1.97,56.66
6.35,110.5,3.52,5.6,52.1,0.11,2.5,7.9,6.2,11.8,4.76,39.07
4.98,159.2,4.42,6.9,16.8,6.05,7.8,6.0,10.2,25.9,3.15,59.18
4.67,100.4,6.47,7.7,33.5,9.08,6.9,6.3,12.0,2.0,2.48,66.46
9.09,265.1,6.74,6.9,38.8,7.32,9.7,5.6,7.3,0.9,1.17,62.63
6.16,285.8,3.03,6.0,93.2,7.11,8.9,7.0,3.5,21.3,2.37,48.81
7.62,176.5,8.63,3.5,0.0,1.69,6.6,4.8,4.6,24.7,2.19,53.69
6.92,203.8,7.43,5.5,81.2,4.2,6.2,7.8,6.7,3.2,0.61,34.36
7.86,55.1,4.24,4.4,16.9,7.03,3.5,5.5,7.1,4.7,2.17,47.69
7.14,170.0,2.16,4.8,3.8,7.03,12.0,5.2,7.7,10.8,1.29,49.44
4.69,195.0,5.64,4.8,80.4,9.04,9.8,6.0,7.2,4.0,3.38,50.98
8.79,462.1,4.89,3.5,67.0,5.64,11.7,4.9,6.0,21.0,4.46,47.52
6.11,88.8,6.28,1.6,82.6,7.01,6.8,6.6,4.4,1.1,0.66,26.14
4.2,346.4,5.09,4.2,69.0,6.04,5.4,5.0,7.0,0.4,5.07,67.56
6.23,299.7,0.98,5.9,106.8,3.53,3.7,6.8,10.6,2.3,2.31,30.05
9.7,228.1,5.03,2.8,61.8,0.36,9.4,8.2,8.5,3.4,1.04,30.82
8.53,375.9,5.24,5.5,40.3,7.08,3.8,4.7,7.3,1.2,3.64,65.75
6.37,237.2,7.58,9.3,55.3,6.43,15.4,5.8,8.6,0.7,1.83,63.89
6.37,238.9,4.25,7.5,82.3,4.45,2.8,6.8,5.1,14.1,2.38,54.57
6.42,194.7,10.2,8.8,21.6,1.95,9.1,5.2,4.7,1.8,1.89,75.08
10.74,322.4,1.22,6.3,25.4,7.57,14.3,6.8,4.1,24.5,1.27,36.15
7.69,309.6,9.28,7.8,35.7,5.34,10.4,7.0,5.7,4.6,3.59,69.07
7.77,137.4,5.44,4.1,0.0,7.39,8.7,7.9,4.9,11.1,2.07,46.92
8.85,68.1,8.15,4.2,49.1,10.66,4.1,4.9,9.0,2.6,0.35,46.95
7.43,179.7,6.2,1.0,0.0,0.65,2.5,4.3,4.8,2.7,3.33,42.1
6.53,120.0,8.85,7.9,46.6,4.25,11.1,5.4,4.0,8.5,0.69,55.15
6.65,193.6,5.03,8.6,71.0,5.48,14.0,4.3,10.9,8.2,0.77,43.58
6.87,323.7,3.25,4.4,30.7,9.64,6.2,7.0,4.9,14.6,4.29,64.53
6.93,154.3,9.55,5.0,95.3,1.91,3.4,3.9,6.4,14.2,0.71,60.01
8.31,195.7,5.72,4.0,1.2,10.84,0.0,10.0,7.1,11.1,0.0,59.64
7.09,205.8,6.55,6.3,80.7,6.34,4.1,8.3,3.2,6.0,3.43,43.73
8.32,284.8,9.09,7.7,65.3,5.76,7.5,6.0,9.1,22.1,2.04,54.75
6.85,0.0,3.42,2.0,0.0,5.5,14.4,7.6,7.6,9.7,2.17,27.6
7.14,139.3,7.49,6.3,126.3,4.91,10.7,3.1,9.9,46.3,2.03,49.34
3.4,221.1,4.53,4.9,43.1,8.62,9.2,10.0,4.3,17.1,2.85,43.26
8.65,320.0,5.67,5.7,18.7,3.33,6.4,4.9,6.2,0.5,1.37,57.32
7.62,150.8,6.18,6.4,2.8,6.86,5.7,5.8,6.1,3.9,4.71,70.32
8.8,12.3,2.25,5.1,38.4,5.04,13.6,2.7,6.7,8.5,0.29,27.24
1.79,262.0,4.05,5.3,41.2,4.09,8.8,6.9,2.4,12.8,3.17,62.63
10.76,136.5,9.38,5.1,48.1,12.46,0.0,4.0,6.3,8.0,3.46,63.66
6.75,81.0,8.22,7.4,36.1,7.05,5.3,6.2,2.4,15.4,1.36,47.99
8.99,137.6,5.84,6.3,64.0,7.53,4.6,5.0,6.9,3.3,0.96,60.18
5.13,181.5,6.61,5.9,33.4,8.84,5.8,4.1,0.7,2.0,4.03,79.73
8.1,139.5,5.26,3.0,0.0,2.45,10.3,4.6,1.4,0.6,1.01,48.45
5.1,0.0,9.39,4.7,40.5,10.38,7.6,6.4,8.0,8.5,1.59,57.06
5.88,289.7,5.5,7.3,0.0,0.0,7.7,3.7,4.6,11.7,3.83,80.98
10.45,327.5,6.58,5.6,55.6,4.08,13.3,4.7,3.5,3.9,2.55,53.24
6.66,265.2,8.87,6.8,15.6,4.85,5.2,7.2,9.2,9.5,0.0,63.5
7.39,86.2,4.06,9.0,49.9,7.45,15.5,10.0,6.8,0.5,5.12,48.21
8.57,179.9,9.9,7.6,84.4,6.55,5.3,6.9,8.2,1.0,1.7,58.41
7.89,199.3,2.17,5.7,16.5,5.58,8.4,4.3,5.6,12.1,1.9,54.44
7.27,259.9,10.07,4.5,76.8,5.97,6.9,5.3,12.7,4.6,2.88,58.97
7.66,266.8,5.07,1.0,32.0,3.55,8.5,6.1,4.5,11.1,3.44,35.96
11.33,126.6,5.39,5.2,97.6,2.26,9.8,5.4,10.4,17.8,5.44,15.27
6.9,208.2,1.27,4.8,34.0,7.82,9.7,7.6,5.8,19.1,0.01,40.82
7.36,245.7,4.86,6.3,19.8,7.73,5.0,6.4,1.9,1.9,3.74,72.14
8.89,345.6,3.4,5.2,65.6,9.96,3.5,7.6,7.2,6.7,3.61,35.05
8.99,270.5,4.48,4.9,31.9,4.02,18.0,5.4,6.8,13.2,2.29,37.75
9.14,278.9,5.66,1.9,19.8,7.73,6.1,8.4,3.4,14.9,3.68,49.28
8.15,208.4,8.39,3.6,30.7,5.29,10.8,5.7,3.7,15.4,3.9,41.25
4.94,341.0,6.52,6.5,43.7,8.98,1.6,4.3,5.9,2.6,0.43,98.28
9.94,241.0,6.77,8.9,85.3,8.55,6.9,9.9,6.9,2.1,5.12,52.87
4.94,113.9,3.26,5.3,0.0,6.53,7.5,2.7,0.0,8.9,0.16,76.31
7.54,340.3,3.8,6.2,45.7,5.15,9.9,4.7,8.6,13.5,0.8,53.12
5.64,269.8,10.5,7.4,63.7,8.4,0.0,4.9,4.8,3.8,2.11,82.4
6.88,155.7,4.16,3.9,50.8,7.62,8.7,10.0,2.7,1.1,5.39,48.18
7.59,152.1,10.14,6.2,84.3,4.29,3.4,9.3,8.4,12.6,2.04,50.11
7.58,229.7,5.39,4.0,42.8,2.68,9.3,8.7,5.9,3.6,2.45,34.14
7.76,246.3,6.01,7.2,39.5,5.28,3.9,5.4,9.0,1.8,4.65,55.27
9.9,219.7,8.68,5.8,62.8,9.79,4.6,10.0,7.1,1.6,2.05,45.88
7.82,231.1,9.18,6.1,48.0,8.87,6.9,6.7,6.0,3.8,0.73,62.79
6.56,370.0,5.72,3.9,33.3,3.22,3.8,7.8,5.6,9.0,1.87,45.6
8.74,307.2,5.03,6.9,60.5,3.08,6.1,6.3,7.2,4.4,4.56,49.79
9.14,219.1,5.86,9.7,25.4,9.19,3.2,5.9,5.0,0.2,2.61,84.22
4.79,294.1,6.84,3.5,26.7,3.16,0.7,5.5,3.9,1.0,5.4,53.81
8.08,96.7,8.23,4.8,29.2,7.27,12.1,5.6,7.5,3.4,3.61,49.51
8.26,239.8,6.01,6.0,85.6,4.46,2.8,7.1,5.6,10.8,1.53,54.7
6.46,380.9,7.55,7.1,0.0,10.04,7.3,6.7,6.1,1.0,2.58,81.08
9.48,178.2,10.1,4.4,56.9,4.07,11.0,5.9,8.7,8.2,1.22,52.25
6.73,115.2,6.95,1.0,46.0,8.86,5.5,8.7,5.7,1.3,1.5,25.45
7.23,134.8,6.78,8.2,0.0,6.46,4.7,1.0,6.0,2.4,9.22,84.92
6.69,91.0,2.2,7.0,54.3,6.63,8.9,6.9,4.5,1.9,4.03,37.38
7.03,121.5,0.0,2.0,59.3,1.07,12.5,7.3,7.1,0.7,3.79,7.18
5.03,162.9,6.97,4.3,62.7,0.49,3.3,8.1,6.9,11.1,1.57,32.04
4.41,59.4,5.76,8.6,0.0,5.45,7.4,5.9,8.3,6.2,4.85,67.94
9.87,201.6,4.71,8.4,86.0,6.62,1.1,6.4,4.6,17.8,4.15,56.0
5.48,290.2,6.61,7.4,22.9,3.19,6.4,7.8,4.9,1.0,5.32,62.41
5.22,109.2,5.85,5.1,65.6,3.28,8.1,8.7,8.0,1.6,5.25,19.47
3.12,351.9,8.82,5.7,67.2,7.4,4.6,5.5,6.6,3.7,0.28,87.23
5.85,251.1,6.22,5.2,18.7,7.41,6.2,6.5,3.7,14.5,0.84,66.33
4.62,303.1,4.13,7.8,64.8,5.66,2.4,9.0,9.3,3.6,0.99,58.11
9.96,134.2,8.48,3.7,33.4,7.95,8.3,2.2,1.8,5.2,1.08,76.5
8.82,285.5,5.46,3.9,0.0,3.06,12.2,4.8,8.0,3.6,2.99,41.82
5.76,90.8,7.32,7.5,80.0,5.11,3.6,8.6,2.8,0.8,1.65,32.84
11.05,289.0,4.81,5.4,21.7,10.12,5.5,8.0,10.7,28.0,5.61,37.41
8.77,217.2,4.38,8.3,19.4,6.17,10.0,6.9,2.1,8.0,5.36,60.26
6.42,255.3,6.21,4.2,32.9,6.32,12.8,5.2,8.9,15.5,2.49,39.97
2.5,82.4,6.03,5.4,53.2,11.76,2.0,4.4,5.8,10.7,5.43,62.76
11.12,110.5,7.2,3.7,43.3,2.5,7.3,4.9,5.1,7.2,4.73,41.2
4.5,259.7,5.33,5.5,61.4,7.99,9.1,8.8,6.5,0.9,1.82,54.7
4.04,105.2,1.41,2.5,4.8,10.16,7.6,4.9,7.6,10.3,0.0,55.97
8.84,246.3,4.92,4.5,22.7,5.19,0.0,6.2,3.7,1.7,2.17,66.53
11.39,63.3,7.98,2.6,41.5,8.15,10.0,4.6,4.0,5.4,1.53,37.1
9.49,284.8,5.26,6.9,101.9,3.54,14.1,7.5,7.6,9.9,2.81,28.68
8.02,76.7,5.38,6.9,41.6,4.28,8.5,5.0,1.7,15.2,2.63,53.36
8.07,255.2,8.47,2.0,77.6,6.96,3.9,5.8,4.5,11.6,2.59,34.13
8.54,262.6,4.22,8.2,46.2,8.0,5.9,3.0,13.6,11.1,3.29,48.58
8.37,130.3,2.14,10.0,30.5,8.8,15.1,3.1,3.6,1.6,0.68,64.48
7.51,258.2,5.6,5.6,37.6,9.92,11.6,6.0,8.9,4.2,3.12,58.93
7.19,226.0,4.79,4.2,39.9,5.83,10.6,3.6,4.5,0.4,1.84,57.78
6.89,146.1,3.58,10.0,63.1,8.98,9.4,9.8,7.3,12.7,2.8,46.87
5.64,99.1,5.56,2.9,86.2,5.14,5.4,2.3,7.6,30.5,3.94,23.88
6.49,3.7,7.23,5.5,55.8,8.26,7.2,4.6,8.8,3.1,0.66,50.77
3.95,235.0,5.98,5.9,80.6,6.52,7.7,6.0,5.5,0.9,2.08,64.33
6.82,43.5,6.77,8.2,16.1,7.11,10.2,5.3,11.0,6.5,2.32,43.99
5.22,209.5,10.53,6.2,32.6,7.06,14.0,4.0,4.5,19.4,1.73,73.78
5.01,173.7,5.14,4.5,23.3,1.99,12.5,4.3,6.6,8.0,3.85,46.25
7.32,267.9,6.7,3.6,54.4,3.19,2.3,4.2,6.6,0.5,1.42,79.52
9.51,169.8,4.73,4.8,34.2,6.26,8.9,5.5,3.2,36.6,1.67,26.2
8.65,167.1,3.88,3.5,66.9,1.78,10.9,9.5,5.3,17.6,1.44,22.88
4.17,273.2,4.54,5.6,17.1,8.08,10.5,6.1,6.4,1.4,4.14,62.66
5.22,233.5,4.8,4.4,46.3,8.18,5.5,8.1,4.9,25.5,1.76,34.67
8.69,231.6,6.9,2.5,65.6,6.82,19.7,6.9,12.1,6.0,3.19,18.57
5.23,246.9,11.87,8.0,0.0,3.2,2.9,8.0,3.9,4.7,5.46,80.86
6.6,46.4,4.21,4.5,108.6,9.45,3.7,1.0,8.9,6.2,2.39,59.55
7.99,275.7,4.96,3.0,36.5,11.09,8.9,5.5,8.1,18.0,4.17,56.8
5.26,261.2,5.84,5.2,0.0,6.37,16.5,8.4,6.0,10.8,5.01,60.75
7.19,98.3,6.99,5.6,49.7,7.28,4.7,5.0,3.8,0.6,4.04,47.47
4.6,175.6,6.66,2.0,46.0,6.5,6.9,9.2,4.1,31.6,2.47,39.72
5.92,196.1,9.21,6.2,42.5,7.33,12.3,8.7,4.7,1.6,3.46,53.29
7.58,186.6,0.0,3.4,74.7,5.7,7.9,5.2,1.5,13.7,0.57,31.54
4.13,233.4,0.03,8.9,67.4,5.91,6.7,5.1,3.5,10.1,1.33,63.77
7.79,343.1,4.76,6.5,53.9,8.26,10.3,4.2,2.3,2.1,1.59,65.46
6.96,308.2,8.74,4.7,58.5,11.86,9.1,4.9,9.4,1.9,5.86,60.95
7.99,68.8,2.09,4.0,41.9,2.5,12.1,3.8,7.5,20.4,1.28,22.9
7.4,262.2,0.0,5.3,98.3,5.74,13.2,6.8,8.0,5.4,1.26,22.44
9.46,332.9,7.43,6.7,0.6,3.05,9.2,3.4,7.5,10.6,0.93,77.41
7.23,238.7,6.61,5.4,49.2,9.98,9.2,7.1,6.4,7.0,3.34,54.34
6.23,309.1,3.27,5.1,47.0,4.53,8.9,7.1,9.7,13.0,2.71,41.22
7.22,401.2,3.54,5.6,69.4,2.39,10.0,3.0,4.5,6.5,4.13,69.89
7.98,302.4,3.58,4.3,19.7,7.6,8.2,8.8,6.3,3.4,3.51,43.33
7.09,224.9,6.28,4.8,0.0,10.36,8.0,6.9,7.9,4.5,0.43,60.91
7.07,304.5,4.43,1.3,49.7,7.66,12.8,7.3,2.7,19.6,1.29,39.31
5.74,214.5,7.24,7.4,53.4,6.51,14.1,4.6,13.7,6.3,4.55,51.88
5.81,202.4,0.0,6.1,89.7,7.02,2.0,7.1,6.1,2.4,2.2,44.43
4.48,164.9,3.86,4.0,6.9,9.54,8.0,8.0,6.4,27.3,4.28,27.12
10.15,356.3,3.18,9.3,79.6,3.81,5.2,5.8,9.1,15.9,2.28,54.01
4.76,118.2,5.36,5.7,116.0,5.72,6.8,9.6,8.3,0.6,1.05,16.85
5.75,353.2,4.65,3.4,33.7,4.87,9.6,6.1,6.1,68.5,2.05,35.78
5.71,250.0,7.99,7.2,6.3,3.08,10.7,8.1,6.3,11.9,1.05,51.18
8.61,60.1,1.35,6.3,32.8,5.18,7.6,6.5,2.2,1.7,1.65,34.22
6.47,236.8,6.11,6.3,45.4,8.77,0.3,7.1,4.6,2.7,2.8,61.41
9.25,0.0,7.4,4.6,61.9,7.42,4.1,3.0,7.3,11.8,3.27,41.66
5.79,262.6,10.64,6.4,27.3,7.61,11.6,6.7,7.1,15.1,0.11,71.28
7.5,288.5,4.8,5.0,91.7,6.37,0.0,4.7,9.1,2.7,2.47,58.65
5.5,140.8,6.81,6.6,11.6,7.31,12.7,4.5,5.7,3.0,1.62,51.53
10.86,212.4,1.49,1.7,0.0,4.0,10.1,9.1,2.5,3.7,1.53,30.49
4.86,395.4,0.02,4.6,78.2,5.23,13.3,5.6,8.6,9.1,2.7,48.72
7.56,149.4,8.11,8.9,0.0,6.48,7.2,4.2,9.6,1.9,1.67,73.49
8.14,94.1,5.99,4.0,38.9,6.69,0.0,5.4,8.2,1.1,4.57,47.42
7.74,348.2,8.95,4.3,138.5,6.8,9.7,3.7,5.6,11.4,4.28,52.25
6.67,396.3,2.57,4.6,44.6,5.65,13.1,8.6,8.6,15.1,4.27,43.68
6.77,200.4,7.3,3.1,11.4,5.06,11.7,4.7,14.6,7.0,1.76,34.4
7.08,301.1,10.67,1.1,43.3,13.89,5.3,7.0,6.3,4.5,1.06,55.51
6.74,334.1,7.05,5.0,43.5,8.27,8.3,8.4,2.7,5.7,2.62,67.78
8.73,125.8,6.69,5.8,49.8,7.03,5.9,5.1,4.5,4.9,2.27,61.36
10.98,151.5,6.02,5.4,64.9,5.42,4.7,7.0,7.6,32.2,1.59,38.9
6.0,323.1,2.07,5.2,13.8,4.87,11.8,4.1,2.0,14.6,0.74,69.16
4.53,368.5,9.39,5.6,95.6,5.67,3.2,10.0,6.4,2.3,2.44,69.31
6.84,256.3,4.47,7.5,52.4,6.73,4.4,7.7,7.0,4.8,1.89,68.83
11.64,112.0,7.26,5.1,66.8,1.3,3.6,5.7,9.8,7.9,3.53,31.39
5.55,398.7,2.09,4.4,26.2,2.08,2.0,4.6,9.3,9.5,3.5,55.45
9.95,146.9,3.05,4.9,83.6,4.41,8.6,5.8,8.2,6.3,4.15,24.15
10.02,166.5,9.59,6.7,37.3,6.52,12.6,5.4,0.6,16.6,0.61,81.02
6.0,234.2,5.13,8.3,53.3,5.4,7.3,9.5,8.3,14.6,3.1,33.69
8.02,355.4,9.63,4.2,17.0,9.7,2.0,3.8,7.8,7.0,1.41,77.84
9.93,285.4,5.8,5.7,15.1,2.29,11.4,6.2,6.6,19.3,0.67,38.69
6.32,241.5,1.4,6.2,65.6,4.12,14.7,6.0,1.7,13.9,1.86,43.19
6.63,246.3,8.23,3.5,31.7,9.8,5.4,5.8,4.1,15.1,4.1,48.75
5.95,204.4,4.53,5.5,19.4,6.33,6.1,5.8,3.1,31.3,1.94,54.87
5.17,255.8,7.75,2.6,25.7,8.21,10.1,5.8,1.0,3.1,4.85,45.74
5.83,0.0,6.06,2.0,66.0,11.13,14.5,7.6,6.0,3.1,3.32,25.33
4.8,170.3,2.14,6.2,26.1,4.27,5.9,7.1,4.0,22.0,1.91,57.36
7.06,224.1,6.41,4.7,41.5,5.75,2.7,6.8,12.6,14.8,4.24,41.1
5.61,84.9,11.49,5.9,45.5,5.32,10.5,1.0,5.6,26.1,3.17,66.1
7.42,238.6,7.23,5.5,0.0,1.11,11.2,6.5,9.2,0.7,1.1,53.7
4.2,179.6,5.86,3.5,0.9,5.22,8.0,3.0,2.1,9.9,5.29,68.91
7.6,375.5,8.69,5.4,55.1,8.2,5.8,7.2,4.7,1.6,2.89,65.05
8.5,357.3,6.53,3.0,22.9,7.35,12.0,8.7,6.2,7.0,2.53,50.1
3.41,153.4,6.52,8.3,76.7,7.55,10.1,4.3,3.7,1.7,1.22,81.33
7.67,184.9,3.27,2.8,74.0,5.06,4.9,5.5,4.9,1.4,4.27,28.56
9.21,192.6,6.58,5.1,66.6,4.36,8.2,4.9,5.5,0.1,3.28,44.1
4.82,154.8,8.59,3.4,99.6,9.17,2.6,8.2,5.4,9.9,3.44,46.36
10.01,219.5,3.91,6.6,42.5,4.76,10.7,6.2,10.6,4.4,1.74,32.14
7.75,124.2,9.56,4.8,64.5,6.74,7.0,9.1,6.9,1.1,3.75,21.82
5.73,86.9,5.77,4.5,27.5,6.41,6.3,6.7,7.2,3.9,3.87,44.21
6.9,262.3,3.78,7.2,118.6,9.65,7.9,6.4,7.3,1.9,1.5,52.4
8.0,263.0,8.49,5.6,104.5,8.43,8.2,6.1,7.5,28.4,0.37,41.07
7.14,119.6,5.28,6.5,45.4,2.76,11.6,7.5,5.8,3.9,3.37,31.38
7.97,289.5,7.9,3.5,56.6,3.03,10.4,2.9,5.2,4.1,0.14,53.47
5.34,136.8,5.27,2.7,85.8,7.45,7.4,6.2,6.4,18.3,2.73,24.67
7.3,225.3,5.85,5.7,40.6,5.84,11.1,5.9,8.9,10.4,1.83,52.09
4.46,282.0,7.23,4.9,25.3,4.86,9.6,7.3,8.8,12.4,4.33,45.14
6.8,196.6,6.73,6.8,71.2,8.54,6.3,5.7,5.4,10.1,1.91,53.84
5.37,245.5,1.01,5.3,47.4,6.47,7.5,4.1,7.9,29.2,4.16,41.53
5.68,148.4,3.2,5.9,50.5,6.13,7.4,6.0,5.5,2.3,1.73,38.32
9.22,180.4,8.32,2.3,20.0,7.95,10.0,4.1,6.1,45.1,4.0,47.1
8.96,179.4,5.67,9.3,0.0,5.06,6.5,2.5,4.8,17.8,5.59,69.97
8.1,125.3,4.69,5.2,52.1,9.92,6.4,7.3,5.5,8.9,0.9,43.41
5.03,182.3,2.6,6.9,72.1,4.03,15.9,7.0,9.4,10.9,2.94,22.22
6.43,45.1,3.3,3.8,38.2,7.64,11.8,6.8,6.2,10.5,6.62,19.32
9.18,150.9,0.95,6.1,88.1,9.58,5.0,8.3,6.3,0.6,2.6,37.83
7.26,171.5,5.75,2.9,23.9,2.56,10.3,4.8,2.4,2.5,2.59,63.01
11.17,174.4,4.5,6.4,13.4,5.14,8.5,3.4,5.2,32.6,3.68,37.71
7.71,175.9,3.58,4.8,43.0,8.86,9.6,5.9,5.4,7.6,2.56,42.23
7.35,193.8,5.83,5.6,42.5,8.89,8.5,5.4,3.9,4.8,0.0,62.43
6.44,247.9,6.91,6.9,68.1,5.57,12.8,4.5,6.1,14.4,4.2,48.76
7.24,287.5,11.23,3.0,21.8,4.16,9.4,5.9,4.9,7.4,0.0,66.77
6.73,135.0,2.22,4.1,86.0,8.39,7.8,4.9,6.2,0.1,1.87,33.48
8.27,79.7,8.9,6.4,104.0,8.96,12.2,2.7,6.3,13.3,4.31,48.4
8.72,95.8,8.43,9.7,43.8,3.09,8.9,5.2,3.6,13.2,1.97,53.4
5.59,151.3,4.05,5.2,82.5,2.99,8.5,4.0,5.0,1.8,1.46,55.36
4.6,164.8,6.51,6.7,13.3,6.56,9.3,6.4,6.2,31.4,3.82,50.91
3.69,123.0,4.86,5.3,77.3,7.57,7.6,4.8,9.0,2.5,1.22,50.82
7.91,70.4,6.46,9.4,76.4,5.25,8.0,8.0,6.6,6.1,0.67,49.23
5.01,154.4,9.77,2.0,70.9,7.7,5.7,8.9,4.3,1.2,2.91,31.37
3.12,218.1,7.51,5.7,44.5,4.22,5.0,7.2,7.0,9.2,2.23,62.63
7.7,259.5,7.27,2.2,0.0,0.71,4.0,3.2,10.3,4.7,0.63,46.42
11.49,144.3,4.92,1.0,25.7,4.94,2.4,8.7,8.3,4.4,3.46,14.37
6.99,158.7,2.29,6.1,26.2,6.16,4.5,8.8,7.4,17.5,3.2,40.21
8.51,107.3,5.48,5.8,15.7,5.31,7.3,6.0,7.8,0.1,1.96,42.26
7.15,196.9,9.02,4.9,48.7,3.1,8.4,8.4,9.6,16.0,2.06,32.0
6.82,115.2,2.18,5.3,32.4,1.46,6.9,5.0,8.7,8.5,3.21,39.46
8.65,257.3,3.36,10.0,20.3,4.71,0.0,2.6,7.4,42.8,4.29,70.71
6.48,21.4,6.32,5.0,13.2,8.24,14.3,4.6,8.7,8.9,2.08,50.48
7.48,164.0,3.54,6.5,23.5,9.14,12.3,9.1,3.3,0.6,3.48,46.13
7.58,230.1,4.02,4.2,78.6,8.97,9.8,3.3,2.2,0.5,3.35,57.45
5.8,218.4,4.94,6.1,25.2,3.96,15.6,6.0,6.4,21.5,3.82,53.09
8.79,469.3,2.59,5.0,29.6,3.12,4.1,6.1,6.2,18.4,2.56,60.93
6.69,235.0,3.56,4.7,31.3,7.24,15.6,5.1,4.6,4.2,1.13,61.66
5.64,99.6,7.76,9.1,55.2,7.59,4.1,5.2,8.1,9.6,1.81,70.37
7.97,190.5,2.73,7.9,58.7,7.0,9.0,6.1,1.3,6.7,3.01,48.1
5.38,22.4,2.01,5.8,0.0,0.96,2.9,5.0,4.7,34.2,5.23,51.87
7.05,191.9,4.42,1.0,75.6,3.83,8.1,3.4,4.8,29.9,1.77,31.7
6.98,116.7,7.83,4.8,88.1,5.93,9.5,6.4,1.9,41.3,3.71,29.29
8.95,291.5,5.51,10.0,13.5,7.22,7.4,7.9,9.7,20.1,2.01,64.47
7.85,145.0,4.84,5.0,15.8,7.92,10.9,7.6,2.6,24.0,2.67,49.48
6.95,188.3,6.11,7.7,31.5,6.36,8.4,4.5,4.5,2.4,4.77,66.31
8.47,136.4,1.64,8.4,22.3,6.83,5.9,3.7,8.3,17.8,3.65,67.57
9.5,373.9,7.24,5.9,51.7,6.21,5.7,5.5,7.6,12.3,0.64,70.64
8.0,167.9,6.96,3.8,0.0,7.71,11.2,8.8,3.2,32.9,1.64,45.77
7.02,383.3,4.98,1.0,11.5,6.78,5.4,7.2,7.7,8.5,4.38,40.07
4.64,281.4,8.51,6.9,91.2,6.16,11.7,7.3,6.7,0.9,2.71,55.17
5.08,248.2,3.18,3.9,17.2,5.33,12.9,7.6,11.8,9.1,0.78,42.07
6.45,236.9,8.82,5.9,82.3,6.2,1.3,6.8,7.0,11.6,1.27,60.97
5.9,239.4,6.39,3.0,55.7,7.21,12.5,6.2,5.6,2.5,3.56,47.17
6.66,7.2,5.16,5.0,0.0,6.67,16.2,7.2,3.9,5.0,3.99,39.89
7.1,172.1,5.95,5.6,64.1,6.95,9.0,5.0,4.1,9.1,2.53,49.72
7.95,284.5,5.73,6.0,41.5,9.36,10.4,3.5,3.9,4.7,6.21,69.29
6.87,195.1,9.05,3.3,31.3,6.66,12.1,7.3,9.4,4.7,3.74,33.44
7.88,59.5,3.31,7.9,52.3,4.38,6.9,8.2,6.0,1.4,2.13,48.55
7.12,194.8,4.09,4.3,59.2,8.21,8.7,4.0,7.4,28.3,1.28,30.21
3.44,370.4,8.59,2.2,66.2,2.58,2.7,7.5,9.8,13.9,1.04,66.24
5.31,324.7,4.51,5.3,80.3,3.3,8.6,9.0,0.1,0.0,3.0,49.96
6.74,193.8,8.25,5.6,57.2,6.84,10.0,6.0,9.2,14.5,1.77,53.98
4.82,295.1,10.25,5.8,3.7,7.29,10.1,4.5,6.1,13.5,5.01,79.92
8.08,163.3,5.0,8.2,30.8,2.89,12.3,6.2,7.1,0.1,4.7,49.68
9.76,29.6,7.7,5.0,133.3,5.04,4.9,5.0,3.9,4.6,3.45,35.72
9.19,107.6,3.12,5.3,66.7,4.48,5.9,4.9,4.1,9.3,0.73,45.53
6.62,356.3,7.89,3.3,116.1,4.78,15.6,6.8,7.2,6.0,1.49,34.5
9.68,172.6,6.5,7.1,86.9,8.36,7.4,3.1,12.0,15.1,4.38,56.3
7.27,175.7,7.18,5.9,52.3,7.77,8.8,3.4,8.5,5.5,1.66,50.87
6.39,170.0,4.39,4.7,54.0,5.95,7.7,6.0,9.2,1.7,4.18,39.84
5.9,390.4,1.85,1.7,43.9,4.64,4.7,6.0,5.5,37.5,3.21,48.09
6.46,362.6,7.26,8.4,0.0,2.63,14.5,6.6,4.5,2.8,2.58,81.56
6.3,421.9,0.84,3.0,45.5,9.55,5.9,9.4,4.0,12.6,1.45,51.25
7.31,184.1,5.21,4.3,81.3,7.48,3.5,6.2,4.8,1.5,2.36,42.47
7.29,229.6,8.35,6.2,27.0,4.23,6.2,7.1,0.9,4.0,2.78,68.41
7.01,48.3,6.48,3.1,57.4,7.8,0.0,4.2,4.2,5.8,4.05,43.88
7.79,347.7,10.87,2.5,70.5,5.82,5.4,7.4,4.6,2.1,1.17,65.65
9.14,83.2,8.56,1.3,17.7,5.28,4.1,5.1,5.6,6.0,2.11,40.26
8.71,221.7,4.37,6.9,31.5,7.09,10.5,6.1,6.3,1.7,2.57,42.25
4.33,90.3,6.07,4.4,14.5,4.15,5.3,5.8,6.9,8.2,3.49,42.1
2.4,141.1,5.88,10.0,20.3,5.14,11.6,7.9,6.0,10.9,1.14,72.62
8.68,116.3,2.04,3.5,6.4,6.3,13.6,3.6,4.5,0.6,0.53,48.67
4.54,139.2,3.65,3.7,18.0,4.75,11.1,1.9,1.1,20.5,3.51,72.66
6.6,146.1,4.6,4.4,87.6,7.67,7.1,5.6,4.6,2.0,0.22,36.94
4.89,145.2,0.91,6.0,17.5,10.67,8.6,6.8,3.6,2.6,4.43,54.12
3.76,283.3,6.12,4.6,48.8,4.11,1.9,6.3,7.2,10.8,2.27,55.25
7.97,89.5,5.38,6.7,29.9,1.84,7.5,8.2,8.3,6.3,0.18,34.07
8.37,222.1,1.82,3.5,80.4,1.0,4.6,6.8,8.3,6.9,1.78,36.23
5.96,321.8,7.01,2.7,84.3,5.62,10.8,5.0,7.9,1.4,3.07,39.04
2.34,148.7,7.79,1.9,70.9,4.34,18.3,1.8,5.7,16.4,1.7,59.97
6.02,128.2,6.57,1.1,54.2,6.52,10.0,5.6,4.7,9.6,2.53,34.14
7.71,176.9,5.19,4.5,38.1,6.33,0.0,7.9,4.1,1.5,3.61,49.48
4.34,318.0,7.48,4.9,9.2,1.99,6.6,5.3,2.2,4.7,2.2,79.04
7.33,219.4,7.7,4.2,103.3,1.46,8.5,6.1,8.5,16.6,1.09,23.22
6.97,146.9,6.77,8.0,22.2,6.74,8.3,6.8,5.6,8.4,2.05,69.21
8.04,248.4,3.94,8.0,64.9,6.34,5.1,4.2,2.9,1.2,4.62,77.6
7.22,89.8,6.69,4.8,76.8,4.94,9.0,7.1,3.9,4.7,5.03,30.92
5.25,268.1,8.99,1.9,28.3,1.86,3.0,8.9,3.8,2.8,0.0,68.64
9.15,240.9,4.51,4.4,76.1,7.18,4.2,5.7,6.1,7.3,4.14,39.3
6.71,169.2,11.24,4.3,67.9,9.18,10.6,4.0,8.7,18.5,2.88,54.31
6.95,116.1,4.69,4.2,96.8,6.69,3.9,5.9,5.1,5.7,3.89,44.66
5.32,111.3,6.08,4.1,30.9,3.88,10.2,2.0,0.4,5.7,1.67,60.03
6.2,253.5,4.32,4.2,6.4,6.11,2.5,6.6,5.5,23.6,0.0,50.28
5.41,322.9,6.56,4.7,29.8,2.58,15.1,6.8,5.6,8.6,3.38,38.62
6.69,136.3,1.64,4.2,51.3,8.64,4.9,9.0,5.4,8.4,1.09,47.19
10.08,245.8,4.63,5.9,46.7,6.2,7.1,5.7,4.4,3.0,0.42,51.16
4.53,0.0,3.27,6.2,33.2,1.58,9.3,6.7,6.5,9.4,0.52,35.95
4.1,141.5,6.34,3.7,0.0,5.25,5.7,4.4,6.2,8.6,3.4,54.81
9.65,196.9,8.49,8.0,59.1,7.16,8.6,5.4,5.9,5.1,2.71,64.83
6.62,109.0,7.62,3.5,104.2,5.17,10.3,3.3,7.0,46.8,3.67,24.6
5.8,106.3,0.07,2.3,58.9,5.31,11.8,5.6,4.9,21.4,3.5,15.88
8.87,133.2,11.11,6.3,63.3,2.94,11.2,5.5,4.8,13.8,1.87,48.0
5.91,229.2,6.74,3.9,62.2,7.42,7.3,6.5,9.5,7.7,2.39,36.76
10.29,181.3,4.06,6.1,56.9,4.38,7.4,4.9,7.4,6.2,1.73,42.77
8.22,0.0,6.39,1.0,72.9,0.61,17.4,6.2,8.1,2.0,2.18,13.74
6.12,0.0,6.44,8.3,56.9,5.07,11.8,5.4,9.1,3.6,1.05,48.5
10.88,139.3,4.33,6.8,35.6,8.45,4.3,5.4,7.3,14.9,3.09,50.08
5.91,245.8,6.49,2.5,21.1,5.03,8.4,6.1,8.3,6.0,4.11,46.44
8.34,0.0,4.48,2.5,37.5,10.34,6.7,6.1,2.1,21.4,1.28,30.97
7.54,150.0,4.99,8.8,54.4,7.07,7.5,7.4,6.5,1.6,4.42,63.27
9.34,147.4,4.28,4.0,35.5,6.85,3.1,5.8,5.5,7.1,2.67,38.16
9.81,338.8,2.42,3.8,54.4,5.68,6.4,5.4,10.2,10.4,2.86,42.96
7.06,161.5,6.36,1.0,58.2,5.83,15.2,5.7,8.3,7.3,0.0,27.94
5.64,238.3,7.46,4.8,70.0,5.34,10.3,4.7,4.4,22.0,0.0,61.7
7.83,214.1,7.29,5.0,83.5,5.24,0.0,5.4,6.9,45.6,2.72,54.1
5.78,0.0,8.05,6.9,47.3,7.33,12.9,9.7,6.4,1.2,3.68,34.54
10.62,276.8,6.81,2.7,5.8,3.66,12.4,4.4,7.1,1.4,1.49,53.32
7.25,221.5,4.67,2.5,34.6,3.31,6.6,5.5,3.5,1.4,5.01,44.02
6.34,250.8,8.1,6.4,46.3,3.19,10.9,5.3,6.9,11.4,3.6,37.59
7.33,592.6,2.61,7.5,0.0,11.11,4.6,5.6,5.4,4.7,1.14,89.6
4.58,0.0,3.75,2.4,86.7,7.33,6.1,5.4,6.7,13.2,2.55,22.32
5.25,372.5,3.59,7.7,49.3,6.76,14.0,6.5,4.2,5.2,6.22,57.49
9.16,171.3,8.7,5.6,56.4,3.36,6.9,2.9,4.5,9.9,0.64,50.16
5.82,228.7,8.36,7.7,86.0,7.56,0.5,7.9,8.9,14.7,3.29,61.32
5.12,195.4,7.22,5.4,26.1,5.71,7.7,7.1,3.4,7.9,2.02,57.24
7.97,157.6,8.68,1.0,62.2,6.54,7.7,3.8,3.6,7.8,3.56,38.54
9.13,143.0,3.8,5.2,41.7,3.56,12.8,1.9,5.9,0.9,4.4,39.32
8.29,233.0,6.87,7.6,39.5,6.4,8.1,4.2,4.1,5.3,1.92,66.79
8.79,48.3,5.69,3.7,21.8,4.94,6.3,5.6,3.8,7.9,4.18,19.6
5.64,275.1,8.12,4.7,95.0,4.09,12.2,10.0,6.3,6.2,5.83,27.87
4.44,158.4,5.71,5.1,33.7,7.84,8.5,7.0,2.2,23.1,2.6,52.74
9.7,87.0,5.04,1.0,66.0,2.16,5.0,2.7,3.5,23.7,3.68,28.08
6.42,155.0,7.35,8.8,0.0,7.41,12.6,4.8,11.1,17.3,1.61,55.75
6.55,325.7,8.19,3.7,80.4,7.71,8.8,5.9,7.1,4.7,2.53,53.4
9.39,146.5,4.33,6.5,76.6,3.8,8.0,6.5,4.1,12.6,2.23,28.11
8.0,235.8,5.85,5.3,47.9,3.95,8.7,3.6,7.0,5.0,3.7,46.68
7.82,126.9,3.35,8.0,38.2,5.44,3.7,5.8,7.4,2.6,4.31,56.19
10.9,275.8,0.0,6.3,57.0,6.71,5.9,4.7,8.5,4.2,2.34,62.22
5.84,268.6,6.5,5.0,113.7,5.62,8.0,4.0,5.7,0.7,4.8,52.91
8.67,384.9,7.52,3.7,0.0,7.08,7.2,6.5,8.4,4.0,4.8,57.41
7.1,182.4,6.66,7.1,68.5,10.41,13.1,7.4,0.9,6.2,3.77,52.01
7.48,266.9,1.13,1.8,17.7,4.73,8.9,7.5,3.4,31.1,1.73,37.48
9.75,209.8,5.12,6.8,44.4,1.71,11.4,7.0,6.4,3.8,1.58,44.5
7.91,329.6,0.45,3.3,37.6,8.06,8.0,5.1,6.8,23.3,1.28,64.76
7.97,128.1,9.42,8.0,32.2,10.21,12.2,7.3,3.7,2.6,3.92,52.61
8.93,274.5,3.28,5.8,44.7,6.98,9.6,6.6,6.6,2.1,0.68,51.83
6.34,180.5,9.14,6.8,11.0,3.28,8.1,6.2,4.4,7.3,3.52,71.77
5.49,193.6,8.36,5.7,75.9,5.69,7.9,4.9,5.3,11.2,0.88,66.71
5.12,209.2,3.75,2.0,0.0,3.2,4.2,5.1,8.6,0.5,3.74,38.26
3.46,225.2,3.17,3.8,61.2,7.61,10.0,6.1,8.3,2.5,2.53,49.3
10.7,188.4,6.88,6.8,35.2,2.62,7.8,10.0,3.5,6.1,4.5,47.08
5.01,221.5,3.89,5.8,9.9,5.25,6.0,6.5,3.4,4.0,4.21,81.45
6.6,357.8,6.26,7.9,51.1,3.49,12.4,4.9,5.0,12.5,4.65,67.24
6.5,298.5,4.79,6.3,0.0,6.32,3.0,4.5,5.9,7.2,4.69,72.61
7.55,286.9,1.55,3.6,46.2,5.08,6.3,5.1,4.4,1.7,2.72,40.69
8.47,154.4,0.42,3.9,2.3,6.44,12.1,9.9,8.6,22.5,0.76,40.02
8.55,111.1,6.57,5.7,58.8,6.06,9.3,5.3,6.9,3.5,0.92,49.94
5.95,295.5,4.6,1.0,17.3,3.53,7.8,7.6,7.0,13.1,0.0,33.77
6.7,287.6,4.62,8.8,31.5,7.57,9.0,5.3,2.8,15.1,0.87,70.86
7.51,347.3,7.74,6.4,53.8,5.88,8.7,6.5,8.9,33.0,2.6,54.98
6.55,139.6,8.93,8.0,21.8,3.53,1.9,7.4,0.0,6.9,1.66,74.12
9.89,177.0,5.32,2.3,43.3,11.6,6.6,5.0,8.1,9.6,2.23,35.09
7.88,36.1,5.15,8.0,0.0,7.19,14.5,4.8,8.3,4.1,3.24,49.27
8.32,160.8,7.25,10.0,63.9,5.62,5.4,9.0,4.9,11.3,2.04,38.5
8.19,299.7,2.61,2.9,97.9,9.54,6.7,7.8,9.2,6.2,0.82,38.55
9.11,153.4,6.56,7.0,128.8,10.6,5.8,7.4,5.8,5.8,2.42,36.64
7.33,264.0,7.38,5.5,47.7,5.64,7.7,7.4,6.2,19.3,1.15,52.11
4.67,180.9,7.7,2.4,68.6,6.87,5.7,6.8,6.8,0.5,2.09,54.91
7.72,232.4,1.16,6.5,0.0,3.53,9.9,9.6,14.0,21.4,4.51,33.76
5.83,85.2,4.1,7.2,90.1,5.63,8.8,6.1,9.4,19.1,2.09,33.26
6.05,208.5,3.8,4.3,68.3,5.5,11.1,7.0,7.8,7.1,5.16,32.22
8.06,0.0,6.25,7.8,30.5,6.46,3.8,3.4,3.7,6.7,4.65,60.31
9.23,181.3,7.2,2.2,82.1,6.83,6.6,4.5,6.4,4.5,1.63,47.52
7.04,37.0,9.74,2.5,37.4,7.4,7.1,3.8,4.0,51.5,0.83,44.82
7.56,320.6,4.76,5.8,31.3,6.59,9.8,8.3,8.1,1.2,2.42,47.07
10.06,277.7,4.76,5.6,59.3,2.97,4.8,1.4,6.4,8.9,4.23,67.8
7.43,246.7,8.87,4.1,13.1,3.65,11.7,5.3,3.2,11.4,1.76,65.13
11.68,352.1,6.74,7.1,75.6,4.63,12.7,1.0,6.2,27.2,3.86,55.14
8.02,105.1,9.17,6.6,13.3,5.29,4.0,4.5,3.9,15.2,4.31,72.43
3.83,374.7,6.72,7.2,13.5,8.63,6.0,5.1,6.4,10.3,1.34,93.56
8.36,293.2,3.11,5.3,17.7,3.09,5.9,8.5,3.9,1.2,1.49,51.97
7.69,176.3,2.67,6.7,67.8,5.11,18.5,6.7,6.1,4.7,3.57,38.01
9.32,313.6,2.12,4.6,26.5,8.38,6.3,4.5,7.9,1.5,2.73,53.45
8.21,89.4,7.66,9.6,4.6,5.25,14.7,7.9,5.9,21.3,1.47,57.97
6.75,117.5,8.97,3.9,26.8,7.15,2.9,6.0,5.0,13.8,1.97,50.0
4.8,139.1,10.62,9.7,44.0,5.65,4.0,6.1,6.5,14.2,2.39,61.08
6.62,147.1,8.11,5.6,9.6,6.64,5.3,3.8,7.7,10.6,0.15,60.82
5.47,94.3,8.91,2.7,10.4,5.43,4.6,4.2,3.2,7.1,3.65,61.17
5.96,322.3,4.55,8.2,108.3,7.67,6.9,4.5,6.7,1.6,1.78,60.08
8.06,174.1,3.11,5.8,19.2,2.14,5.2,6.1,9.3,4.0,0.0,58.9
10.01,235.3,8.13,7.2,35.3,5.09,4.7,6.1,7.4,1.5,2.46,68.5
7.71,143.0,7.04,7.9,34.0,6.74,12.6,8.8,6.1,12.9,1.39,53.79
4.85,17.9,6.27,6.2,32.4,7.33,12.9,6.7,7.6,1.7,5.03,42.83
7.8,227.0,6.97,4.3,63.6,9.73,11.8,1.1,7.1,12.1,1.62,64.89
9.15,8.8,6.81,7.5,73.4,5.02,10.1,6.5,7.9,11.8,0.85,25.9
5.9,193.1,9.21,5.5,35.8,9.7,8.4,3.4,0.9,6.1,3.26,81.37
6.76,63.2,9.24,6.9,7.9,4.35,6.0,4.3,2.1,1.5,1.51,72.71
7.03,398.7,7.36,1.2,83.2,9.32,4.2,4.5,8.5,3.8,1.33,60.47
5.59,291.1,8.11,6.4,42.1,8.04,9.5,4.8,2.2,3.9,3.26,85.4
8.17,210.6,7.29,4.2,96.9,3.72,3.3,3.5,7.0,12.1,0.94,44.43
6.78,326.4,4.85,8.8,0.0,6.77,4.0,6.4,5.1,1.2,0.31,85.05
7.76,115.4,7.89,6.7,50.9,5.87,12.6,3.5,3.5,17.7,5.09,53.25
5.4,254.3,2.51,6.0,102.6,7.56,15.6,6.6,6.9,14.3,3.37,28.49
6.21,220.0,8.63,6.5,34.4,5.44,9.6,10.0,6.5,2.1,2.1,47.77
8.3,226.4,3.01,3.5,38.2,5.23,12.4,3.6,11.3,12.7,2.49,41.65
6.33,327.2,6.71,8.7,53.9,9.42,7.0,5.5,4.4,11.0,3.26,71.93
10.11,273.2,3.89,9.5,28.2,5.75,2.6,1.5,9.6,13.8,3.96,86.48
6.28,228.9,7.38,6.3,35.6,8.07,10.4,5.5,6.9,2.1,1.37,52.31
7.4,34.5,5.92,8.7,34.9,5.44,10.3,7.2,4.3,1.7,3.05,55.08
8.68,104.0,2.01,4.4,26.2,10.17,8.3,7.3,8.0,2.7,1.74,40.99
4.45,187.7,7.05,3.9,81.9,4.3,7.0,6.1,7.4,4.6,2.22,40.2
3.83,209.3,4.56,5.6,58.8,4.46,11.8,7.6,6.1,15.8,2.74,36.61
4.25,87.0,8.2,6.4,52.5,9.81,4.1,10.0,6.7,13.4,2.49,32.72
9.27,441.2,6.0,4.7,69.3,4.89,4.9,9.1,4.5,26.0,3.6,38.44
6.01,351.6,6.99,6.6,37.1,10.0,4.0,5.1,3.9,0.6,3.23,89.42
11.6,260.2,3.61,6.1,21.8,8.23,8.3,3.4,7.9,0.1,0.24,65.5
5.98,207.2,4.53,3.5,26.9,5.61,3.6,5.3,5.4,12.0,0.46,62.35
7.33,178.8,4.85,6.5,45.1,1.47,5.3,4.3,5.8,3.3,1.95,49.05
9.78,104.8,8.14,7.2,13.2,5.95,5.2,6.8,6.7,4.1,5.24,57.65
10.61,207.7,10.19,5.8,30.0,6.25,7.0,3.9,6.7,7.9,1.22,59.4
10.71,225.8,3.99,7.8,29.5,8.92,2.1,5.9,2.4,1.1,2.19,61.76
9.18,75.8,8.69,3.1,108.7,9.97,8.3,7.5,9.2,10.3,1.7,21.51
8.84,233.4,0.58,6.4,0.0,4.29,13.0,5.8,6.3,3.9,1.67,46.55
8.07,184.5,3.01,3.2,39.6,8.0,8.5,4.3,5.5,10.0,2.77,31.54
